comp_cine_id,comp_cine_nombre,comp_cine_fecha_fundacion,comp_cine_adscripcion,comp_cine_npantallas,estado_id,nom_ent,municipio_id,nom_mun,localidad_id,nom_loc,comp_cine_calle_numero,comp_cine_colonia,comp_cine_cp,comp_cine_telfono1,comp_cine_pagina_web,gmaps_longitud,gmaps_latitud,link_sic,fecha_mod
572,"Cinemex Portal Vallejo","1000-01-01","Cadena Mexicana de Exhibición, S.A. de C.V.","8",9,"Ciudad de México",2,"Azcapotzalco",1,"Azcapotzalco","Calz. Vallejo 304","Col. San Francisco Xocotitla","02960","","",-99.14496,19.46816,"http://sic.gob.mx/ficha.php?table=comp_cine&table_id=572","2022-09-28 03:27:07-05"
457,"Cinépolis Vía Vallejo","1000-01-01","Cinépolis de México, S.A. de C.V.","10",9,"Ciudad de México",2,"Azcapotzalco",1,"Azcapotzalco","Calz. Vallejo 1090","Col. Nueva Industrial Vallejo","02300","","",-99.15325,19.48799,"http://sic.gob.mx/ficha.php?table=comp_cine&table_id=457","2022-09-30 03:32:53-05"
458,"Cinépolis VIP Vía Vallejo","1000-01-01","Cinépolis de México, S.A. de C.V.","4",9,"Ciudad de México",2,"Azcapotzalco",1,"Azcapotzalco","Calz. Vallejo 1090","Col. Nueva Industrial Vallejo","02300","","",-99.15341,19.48821,"http://sic.gob.mx/ficha.php?table=comp_cine&table_id=458","2022-09-28 09:35:24-05"
1102,"Cinépolis Plaza Cuitláhuac","1000-01-01","Cinépolis de México, S.A. de C.V.","7",9,"Ciudad de México",2,"Azcapotzalco",1,"Azcapotzalco","Av. Cuitláhuac 2309","Col. San Salvador Xochimamas","02870","","",-99.18417,19.4841,"http://sic.gob.mx/ficha.php?table=comp_cine&table_id=1102","2022-09-28 09:30:33-05"
459,"Cinépolis Plaza Parque Jardín","1000-01-01","Cinépolis de México, S.A. de C.V.","8",9,"Ciudad de México",2,"Azcapotzalco",1,"Azcapotzalco","Av. Jardín 330","Col. Del Gas","02950","","",-99.16037,19.46854,"http://sic.gob.mx/ficha.php?table=comp_cine&table_id=459","2023-11-22 04:24:22-06"
1075,"Cinemex Ferrería","1000-01-01","","0",9,"Ciudad de México",2,"Azcapotzalco",1,"Azcapotzalco","Eje 4 norte 251 (Antigua Calz.de Guadalupe) ","Col. Azcapotzalco","02020","","",-99.17944,19.48917,"http://sic.gob.mx/ficha.php?table=comp_cine&table_id=1075","2022-10-10 04:25:57-05"
456,"Cinépolis Town Center El Rosario","1000-01-01","Cinépolis de México, S.A. de C.V.","16",9,"Ciudad de México",2,"Azcapotzalco",1,"Azcapotzalco","Av. El Rosario 1025","Col. El Rosario","02100","","",-99.20327,19.50219,"http://sic.gob.mx/ficha.php?table=comp_cine&table_id=456","2022-05-18 06:42:21-05"
455,"Cinemex Rosario","1000-01-01","Cadena Mexicana de Exhibición, S.A. de C.V.","10",9,"Ciudad de México",2,"Azcapotzalco",1,"Azcapotzalco","Av. Cultura Nte. 902","Habitacional El Rosario, Centro","02700","","",-99.20044,19.50605,"http://sic.gob.mx/ficha.php?table=comp_cine&table_id=455","2022-09-27 06:42:36-05"
460,"CineTop Azcapotzalco","1000-01-01","Xtra Cinemas, S.A. de C.V.","8",9,"Ciudad de México",2,"Azcapotzalco",1,"Azcapotzalco","Av. Aquiles Serdán 400","Col. Nextengo","02070","","",-99.18992,19.47392,"http://sic.gob.mx/ficha.php?table=comp_cine&table_id=460","2022-10-17 04:26:13-05"
1001,"Cinedot Azcapotzalco","2022-06-23","Interbakers, S.A. de C.V.","5",9,"Ciudad de México",2,"Azcapotzalco",1,"Azcapotzalco","Av. Azcapotzalco 527","Col. Azcapotzalco","02000","","",-99.18661,19.47792,"http://sic.gob.mx/ficha.php?table=comp_cine&table_id=1001","2022-08-23 06:42:56-05"
454,"Cinemex Clavería","1000-01-01","Cadena Mexicana de Exhibición, S.A. de C.V.","6",9,"Ciudad de México",2,"Azcapotzalco",1,"Azcapotzalco","Av. Egipto 142","Col.  Clavería","02080","","",-99.18193,19.46383,"http://sic.gob.mx/ficha.php?table=comp_cine&table_id=454","2022-09-26 08:00:00-05"
90,"Cinemex Gran Sur","1000-01-01","Cadena Mexicana de Exhibición, S.A. de C.V.","10",9,"Ciudad de México",3,"Coyoacán",1,"Coyoacán","Periférico Sur 5550","Col. Pedregal de Carrasco","04300","","",-99.16612,19.30442,"http://sic.gob.mx/ficha.php?table=comp_cine&table_id=90","2022-09-27 07:02:44-05"
92,"Cinépolis Perisur","1000-01-01","Cinépolis de México, S.A. de C.V.","18",9,"Ciudad de México",3,"Coyoacán",1,"Coyoacán","Anillo Periférico Sur 4690","Col. Jardines del Pedregal","04500","","",-99.18999,19.30452,"http://sic.gob.mx/ficha.php?table=comp_cine&table_id=92","2022-09-28 09:58:44-05"
91,"Cinépolis Miramontes","1000-01-01","Cinépolis de México, S.A. de C.V.","15",9,"Ciudad de México",3,"Coyoacán",1,"Coyoacán","Canal de Miramontes 2053 ","Col. Los Girasoles III","04920","","",-99.12452,19.31017,"http://sic.gob.mx/ficha.php?table=comp_cine&table_id=91","2022-09-30 03:54:06-05"
88,"Cinépolis VIP Perisur","1000-01-01","Cinépolis de México, S.A. de C.V.","4",9,"Ciudad de México",3,"Coyoacán",1,"Coyoacán","Anillo Periférico Sur 4690","Col. Jardines del Pedregal","04500","","",-99.18998,19.30454,"http://sic.gob.mx/ficha.php?table=comp_cine&table_id=88","2022-09-30 03:57:30-05"
466,"Cinépolis VIP Oasis Coyoacán","1000-01-01","Cinépolis de México, S.A. de C.V.","4",9,"Ciudad de México",3,"Coyoacán",1,"Coyoacán","Av. Miguel Ángel de Quevedo 227","Col. Romero de Terrenos","04310","","",-99.18028,19.34558,"http://sic.gob.mx/ficha.php?table=comp_cine&table_id=466","2023-11-14 08:08:38-06"
943,"Auto Drive Cinemas, Perisur","1000-01-01","Drive Cinema S.A. de C.V.","1",9,"Ciudad de México",3,"Coyoacán",1,"Coyoacán","Periférico Sur 5000","","","","",-99.18124,19.30379,"http://sic.gob.mx/ficha.php?table=comp_cine&table_id=943","2022-08-02 12:24:23-05"
939,"Auto Drive Cinema, Miramontes","1000-01-01","Drive Cinema S.A. de C.V.","1",9,"Ciudad de México",3,"Coyoacán",1,"Coyoacán","Calz. del Hueso 480, Girasoles II","Col. Coapa","04920","","",-99.12405,19.30414,"http://sic.gob.mx/ficha.php?table=comp_cine&table_id=939","2022-08-31 06:59:32-05"
17,"Cinépolis Oasis Coyoacán","1000-01-01","Cinépolis de México, S.A. de C.V.","8",9,"Ciudad de México",3,"Coyoacán",1,"Coyoacán","Av. Miguel Ángel de Quevedo 227","Col. Romero de Terreros","04310","","",-99.18027,19.34555,"http://sic.gob.mx/ficha.php?table=comp_cine&table_id=17","2025-08-04 12:11:45-06"
465,"Cinemex Tlalpan","1000-01-01","Cadena Mexicana de Exhibición, S.A. de C.V.","8",9,"Ciudad de México",3,"Coyoacán",1,"Coyoacán","Calz. de Tlalpan 4085","Col. Bosques de Tetlameya","04730","","",-99.15015,19.2997,"http://sic.gob.mx/ficha.php?table=comp_cine&table_id=465","2022-09-27 07:03:30-05"
580,"Cinépolis Copilco","1000-01-01","Cinépolis de México, S.A. de C.V.","10",9,"Ciudad de México",3,"Coyoacán",1,"Coyoacán","Eje 10 (copilco) Av. Pedro Henríquez Ureña 426","Col. Pueblo de los Reyes","04330","","",-99.15719,19.3356,"http://sic.gob.mx/ficha.php?table=comp_cine&table_id=580","2022-09-28 09:50:08-05"
941,"Auto Drive Cinema, Santa Fe","1000-01-01","Drive Cinema S.A. de C.V.","0",9,"Ciudad de México",4,"Cuajimalpa de Morelos",1,"Cuajimalpa de Morelos","Francisco J. Serrano 114","Col. Santa Fe, Contadero","01219","","",-99.26589,19.36103,"http://sic.gob.mx/ficha.php?table=comp_cine&table_id=941","2022-05-23 06:28:34-05"
95,"Cinemex Santa Fe","1000-01-01","Cadena Mexicana de Exhibición, S.A. de C.V.","15",9,"Ciudad de México",4,"Cuajimalpa de Morelos",1,"Cuajimalpa de Morelos","Av. Vasco de Quiroga 3800","Col. Santa Fe","05349","","",-99.27449,19.36078,"http://sic.gob.mx/ficha.php?table=comp_cine&table_id=95","2022-09-27 04:45:54-05"
467,"Cinemex Santa Fe Platino","1000-01-01","Cadena Mexicana de Exhibición, S.A. de C.V.","8",9,"Ciudad de México",4,"Cuajimalpa de Morelos",1,"Cuajimalpa de Morelos","Av. Vasco de Quiroga 3800","Col. Santa Fe","01219","","",-99.2745,19.36078,"http://sic.gob.mx/ficha.php?table=comp_cine&table_id=467","2022-09-28 03:22:32-05"
93,"Cinépolis VIP Paseo Arcos Bosques","1000-01-01","Cinépolis de México, S.A. de C.V.","12",9,"Ciudad de México",4,"Cuajimalpa de Morelos",1,"Cuajimalpa de Morelos","Paseo de los Tamarindos 90","Col. Bosques de las Lomas","05120","","",-99.25251,19.38679,"http://sic.gob.mx/ficha.php?table=comp_cine&table_id=93","2022-10-06 05:09:00-05"
1064,"CineForo Mayahuel","1000-01-01","Chante de todos","0",9,"Ciudad de México",4,"Cuajimalpa de Morelos",1,"Cuajimalpa de Morelos","Mina 11","Col. San Mateo Tlaltenango","05600","","",-99.28126,19.3427,"http://sic.gob.mx/ficha.php?table=comp_cine&table_id=1064","2022-08-26 08:59:58-05"
113,"Cinépolis Plaza Oriente","1000-01-01","Cinépolis de México, S.A. de C.V.","4",9,"Ciudad de México",5,"Gustavo A. Madero",1,"Gustavo A. Madero","Av. Eduardo Molina 1623 local S-7","Col. El Coyol","07420","","",-99.09339,19.4853,"http://sic.gob.mx/ficha.php?table=comp_cine&table_id=113","2022-09-30 11:05:58-05"
110,"Cinemex Parque Lindavista","1000-01-01","Cadena Mexicana de Exhibición, S.A. de C.V.","11",9,"Ciudad de México",5,"Gustavo A. Madero",1,"Gustavo A. Madero","Calle Colector 13 núm. 280","Col. Magdalena de las Salinas","07760","","",-99.13132,19.48637,"http://sic.gob.mx/ficha.php?table=comp_cine&table_id=110","2022-09-28 03:27:47-05"
839,"Cinépolis VIP Encuentro Fortuna","1000-01-01","Cinépolis de México, S.A. de C.V.","4",9,"Ciudad de México",5,"Gustavo A. Madero",1,"Gustavo A. Madero","Av Fortuna Eje 4 Norte 334","Col. Magdalena de las Salinas","07370","","",-99.13313,19.48383,"http://sic.gob.mx/ficha.php?table=comp_cine&table_id=839","2022-10-05 07:33:03-05"
1071,"Cinépolis Vista Norte","1000-01-01","Cinépolis de México, S.A. de C.V.","7",9,"Ciudad de México",5,"Gustavo A. Madero",1,"Gustavo A. Madero","Av. Acueducto 650, Plaza Vista Norte","Col. Residencial Zacatenco","07369","","",-99.12128,19.50206,"http://sic.gob.mx/ficha.php?table=comp_cine&table_id=1071","2022-09-30 11:28:57-05"
106,"Cinépolis Plaza Tepeyac","2000-01-01","Cinépolis de México, S.A. de C.V.","6",9,"Ciudad de México",5,"Gustavo A. Madero",1,"Gustavo A. Madero","Calz. de Guadalupe 431","Col. Guadalupe Tepeyac","07840","","",-99.11872,19.47148,"http://sic.gob.mx/ficha.php?table=comp_cine&table_id=106","2022-10-05 06:06:32-05"
109,"Cinemex Misterios","1000-01-01","Cadena Mexicana de Exhibición, S.A. de C.V.","10",9,"Ciudad de México",5,"Gustavo A. Madero",1,"Gustavo A. Madero","Río Consulado 1688 esq. Calz. Misterios y Calz. Guadalupe","Col. Vallejo","07870","","",-99.127,19.4617,"http://sic.gob.mx/ficha.php?table=comp_cine&table_id=109","2022-09-27 07:03:29-05"
107,"Cinemex Tenayuca","2000-01-01","Cadena Mexicana de Exhibición, S.A. de C.V.","9",9,"Ciudad de México",5,"Gustavo A. Madero",1,"Gustavo A. Madero","Av. La Ventisca 100","Col. U.H. Unidad Croc Solidaridad","07268","","",-99.15632,19.52978,"http://sic.gob.mx/ficha.php?table=comp_cine&table_id=107","2023-10-13 11:31:27-06"
108,"Cinemex Aragón","1000-01-01","Cadena Mexicana de Exhibición, S.A. de C.V.","12",9,"Ciudad de México",5,"Gustavo A. Madero",1,"Gustavo A. Madero","Calz. San Juan de Aragón 516 ","Col. DM Nacional","07070","","",-99.0955,19.4807,"http://sic.gob.mx/ficha.php?table=comp_cine&table_id=108","2022-09-27 06:37:52-05"
576,"Cinépolis Encuentro Fortuna","1000-01-01","Cinépolis de México, S.A. de C.V.","8",9,"Ciudad de México",5,"Gustavo A. Madero",1,"Gustavo A. Madero","Av Fortuna 334","Col. Magdalena de las Salinas","07760","","",-99.13216,19.48361,"http://sic.gob.mx/ficha.php?table=comp_cine&table_id=576","2022-09-30 10:46:06-05"
111,"Cinemex Atana Lindavista","2000-01-01","Cadena Mexicana de Exhibición, S.A. de C.V.","14",9,"Ciudad de México",5,"Gustavo A. Madero",1,"Gustavo A. Madero","Av. Escuadrón 201 núm. 200 ","Col.  La Purísima Ticomán","55400","","",-99.14212,19.51741,"http://sic.gob.mx/ficha.php?table=comp_cine&table_id=111","2022-08-08 08:52:57-05"
112,"Cinépolis Torres Lindavista","1000-01-01","Cinépolis de México, S.A. de C.V.","10",9,"Ciudad de México",5,"Gustavo A. Madero",1,"Gustavo A. Madero","Av. Othón Mendizábal Oriente 343 esq. Av. del Carrizo y Juan de Dios Bátiz","Col. Nueva Industrial Vallejo","07700","","",-99.14368,19.50638,"http://sic.gob.mx/ficha.php?table=comp_cine&table_id=112","2022-10-05 06:15:30-05"
1122,"Cinépolis Viaducto","1000-01-01","Cinépolis de México, S.A. de C.V.","0",9,"Ciudad de México",6,"Iztacalco",1,"Iztacalco","Viaducto Río de la Piedad  515 ","Col. Granjas ","08400","","",-99.10824,19.40615,"http://sic.gob.mx/ficha.php?table=comp_cine&table_id=1122","2022-10-10 05:50:53-05"
120,"Cinépolis Plaza Central","2000-01-01","Cinépolis de México, S.A. de C.V.","16",9,"Ciudad de México",7,"Iztapalapa",1,"Iztapalapa","Av. Canal del Río Churubusco 1635","Col. Central de Abasto","09040","","",-99.09516,19.37666,"http://sic.gob.mx/ficha.php?table=comp_cine&table_id=120","2022-09-28 09:40:12-05"
187,"Cinépolis Ermita","1000-01-01","Cinépolis de México, S.A. de C.V.","12",9,"Ciudad de México",7,"Iztapalapa",1,"Iztapalapa","Calz. Ermita Iztapalapa 3417","Col. Xalpa","09640","","",-99.0179,19.34765,"http://sic.gob.mx/ficha.php?table=comp_cine&table_id=187","2022-09-28 09:36:39-05"
119,"Cinemex Zaragoza","2002-01-01","Cadena Mexicana de Exhibición, S.A. de C.V.","12",9,"Ciudad de México",7,"Iztapalapa",1,"Iztapalapa","Calz. Ignacio Zaragoza 2221 ","Col. El Paraíso","09230","","",-99.02895,19.38052,"http://sic.gob.mx/ficha.php?table=comp_cine&table_id=119","2022-09-27 07:39:39-05"
475,"Cinemex Vía San Juan","1000-01-01","Cadena Mexicana de Exhibición, S.A. de C.V.","7",9,"Ciudad de México",7,"Iztapalapa",1,"Iztapalapa","Ignacio Zaragoza 1433 y 2717","Col. Tepalcates","09210","","",-99.04929,19.39121,"http://sic.gob.mx/ficha.php?table=comp_cine&table_id=475","2022-09-28 03:23:52-05"
474,"Cinemex La Viga","1000-01-01","Cadena Mexicana de Exhibición, S.A. de C.V.","12",9,"Ciudad de México",7,"Iztapalapa",1,"Iztapalapa","Calz. de La Viga 1150","Col. Apatlaco","05349","","",-99.12153,19.38065,"http://sic.gob.mx/ficha.php?table=comp_cine&table_id=474","2022-09-27 07:32:30-05"
121,"Cinemex Lomas Estrella","1000-01-01","Cadena Mexicana de Exhibición, S.A. de C.V.","12",9,"Ciudad de México",7,"Iztapalapa",1,"Iztapalapa","Av. Tláhuac 4409","Col. Lomas Estrella","09890","","",-99.09434,19.32132,"http://sic.gob.mx/ficha.php?table=comp_cine&table_id=121","2022-09-27 06:58:18-05"
118,"Cinemex Iztapalapa","1000-01-01","Cadena Mexicana de Exhibición, S.A. de C.V.","12",9,"Ciudad de México",7,"Iztapalapa",1,"Iztapalapa","Perif. Arco Oriente 2141","Col. Ejército Constitucionalista","09220","","",-99.05915,19.38007,"http://sic.gob.mx/ficha.php?table=comp_cine&table_id=118","2022-09-28 03:25:26-05"
958,"Cinemex Tláhuac 2000","1000-01-01","","0",9,"Ciudad de México",7,"Iztapalapa",1,"Iztapalapa","Av. Tláhuac 5662","Col. San Lorenzo Tezonco","09790","","",-99.06059,19.30573,"http://sic.gob.mx/ficha.php?table=comp_cine&table_id=958","2022-08-28 15:53:55-05"
1196,"CineStar Tlahuac ","1000-01-01","Cinestar Corporation S.A. de C.V.","0",9,"Ciudad de México",7,"Iztapalapa",1,"Iztapalapa","Av. Tlahuac 4746-3","Col. Granjas Estrella ","09880","","",-99.08051,19.31925,"http://sic.gob.mx/ficha.php?table=comp_cine&table_id=1196","2024-01-31 08:28:44-06"
117,"Cinemex Tláhuac","1000-01-01","Cadena Mexicana de Exhibición, S.A. de C.V.","10",9,"Ciudad de México",7,"Iztapalapa",1,"Iztapalapa","Av. Tláhuac 5662","Col. San Lorenzo Tezonco","09790","","",-99.06057,19.30579,"http://sic.gob.mx/ficha.php?table=comp_cine&table_id=117","2022-09-27 04:13:40-05"
1038,"Cinépolis Xtreme Churubusco","1000-01-01","Cinépolis de México, S.A. de C.V.","3",9,"Ciudad de México",7,"Iztapalapa",1,"Iztapalapa","Calz. La Viga 1479","Col. El Retoño","09440","","",-99.12102,19.36866,"http://sic.gob.mx/ficha.php?table=comp_cine&table_id=1038","2022-10-05 08:33:34-05"
473,"Cinemex Plaza Oriente","1000-01-01","Cadena Mexicana de Exhibición, S.A. de C.V.","10",9,"Ciudad de México",7,"Iztapalapa",1,"Iztapalapa","Av. Canal del Tezontle 1520","Col. Dr. Alfonso Ortíz Tirado","09020","","",-99.08054,19.38334,"http://sic.gob.mx/ficha.php?table=comp_cine&table_id=473","2022-09-27 07:35:38-05"
960,"Cinépolis Las Antenas","1000-01-01","Cinépolis de México, S.A. de C.V.","12",9,"Ciudad de México",7,"Iztapalapa",1,"Iztapalapa","Periférico 3278","Col. La Esperanza","09910","","",-99.07468,19.31296,"http://sic.gob.mx/ficha.php?table=comp_cine&table_id=960","2022-09-30 03:39:51-05"
114,"Cinépolis Portal Churubusco","1000-01-01","Cinépolis de México, S.A. de C.V.","10",9,"Ciudad de México",7,"Iztapalapa",1,"Iztapalapa","Av. Río Churubusco 583","Col. Sector Popular","09060","","",-99.12105,19.36867,"http://sic.gob.mx/ficha.php?table=comp_cine&table_id=114","2022-09-30 11:48:09-05"
116,"Cinemex Tezontle","1000-01-01","Cadena Mexicana de Exhibición, S.A. de C.V.","10",9,"Ciudad de México",7,"Iztapalapa",1,"Iztapalapa","Av. Canal de Tezontle 1512","Col. Dr. Alfonso Ortiz Tirado","09020","","",-99.08324,19.38214,"http://sic.gob.mx/ficha.php?table=comp_cine&table_id=116","2022-09-27 06:59:17-05"
1185,"Cine Linterna Mágica","2023-01-19","Instituto Mexicano del Seguro Social (IMSS)","3",9,"Ciudad de México",8,"La Magdalena Contreras",1,"La Magdalena Contreras","Periférico Sur, Glorieta de San Jerónimo","Col. Puente Sierra","10100","","",-99.21175,19.33149,"http://sic.gob.mx/ficha.php?table=comp_cine&table_id=1185","2023-02-10 06:22:38-06"
916,"Autocinema Coyote, Insurgentes","1000-01-01","Autocinema Coyote SA de CV","1",9,"Ciudad de México",10,"Álvaro Obregón",1,"Álvaro Obregón","Av. de los Insurgentes Sur 1729","Col. Guadalupe Inn","01020","","",-99.184,19.35978,"http://sic.gob.mx/ficha.php?table=comp_cine&table_id=916","2022-10-14 05:06:47-05"
575,"Cinemex Patio Revolución Platino","1000-01-01","Cadena Mexicana de Exhibición, S.A. de C.V.","6",9,"Ciudad de México",10,"Álvaro Obregón",1,"Álvaro Obregón","Av. Revolución 1837","Col. San Ángel","01000","","",-99.19132,19.34186,"http://sic.gob.mx/ficha.php?table=comp_cine&table_id=575","2022-09-28 03:12:36-05"
79,"Cinemex Loreto","1000-01-01","Cadena Mexicana de Exhibición, S.A. de C.V.","9",9,"Ciudad de México",10,"Álvaro Obregón",1,"Álvaro Obregón","Altamirano 46","Col. Tizapan San Ángel","01090","","",-99.19397,19.33953,"http://sic.gob.mx/ficha.php?table=comp_cine&table_id=79","2025-08-29 12:24:22-06"
579,"Cinépolis Portal San Ángel","1000-01-01","Cinépolis de México, S.A. de C.V.","12",9,"Ciudad de México",10,"Álvaro Obregón",1,"Álvaro Obregón","Av. Revolución 1267","Col. Los Alpes","01010","","",-99.19136,19.36078,"http://sic.gob.mx/ficha.php?table=comp_cine&table_id=579","2022-09-30 12:49:53-05"
451,"Cinemex Park Plaza Platino","1000-01-01","Cadena Mexicana de Exhibición, S.A. de C.V.","4",9,"Ciudad de México",10,"Álvaro Obregón",1,"Álvaro Obregón","Javier Barros Sierra 540","Col. Santa Fe","01210","","",-99.25933,19.3648,"http://sic.gob.mx/ficha.php?table=comp_cine&table_id=451","2022-09-28 03:06:46-05"
432,"Cinépolis Patio Santa Fe","2013-12-19","Cinépolis de México, S.A. de C.V.","12",9,"Ciudad de México",10,"Álvaro Obregón",1,"Álvaro Obregón","Av. Prol. Paseo de la Reforma 400","Col. Santa Fe Peña Blanca","01376","","",-99.25528,19.37677,"http://sic.gob.mx/ficha.php?table=comp_cine&table_id=432","2022-09-30 12:25:20-05"
606,"The Movie Company. Escenaria","1000-01-01","Independiente","10",9,"Ciudad de México",10,"Álvaro Obregón",1,"Álvaro Obregón","Av. San Jerónimo 263","Col. Tizapan","01090","","",-99.19888,19.33576,"http://sic.gob.mx/ficha.php?table=comp_cine&table_id=606","2022-05-24 03:03:57-05"
453,"Cinemanía Loreto","1000-01-01","Cinemanía, S. A. de C. V.","3",9,"Ciudad de México",10,"Álvaro Obregón",1,"Álvaro Obregón","Altamirano 46","Col. Tizapán San Ángel","01000","","",-99.194,19.33972,"http://sic.gob.mx/ficha.php?table=comp_cine&table_id=453","2022-05-24 02:38:43-05"
433,"Cinépolis VIP Samara","1000-01-01","Cinépolis de México, S.A. de C.V.","9",9,"Ciudad de México",10,"Álvaro Obregón",1,"Álvaro Obregón","Av. Antonio Dovalí Jaime 70","Col. Santa Fe","01210","","",-99.25839,19.36836,"http://sic.gob.mx/ficha.php?table=comp_cine&table_id=433","2022-09-30 03:53:13-05"
77,"Cinemex San Antonio","2010-07-01","Cadena Mexicana de Exhibición, S.A. de C.V.","11",9,"Ciudad de México",10,"Álvaro Obregón",1,"Álvaro Obregón","Calle 10 núm. 132","Col. San Pedro de los Pinos ","01180","","",-99.19145,19.39036,"http://sic.gob.mx/ficha.php?table=comp_cine&table_id=77","2024-03-20 14:37:32-06"
997,"Cinemex Artz Pedregal Market","1000-01-01","Cadena Mexicana de Exhibición, S.A. de C.V.","0",9,"Ciudad de México",10,"Álvaro Obregón",1,"Álvaro Obregón","Blvd. Adolfo Ruiz Cortínez 3720","Col. Jardines del Pedregal","01900","","",-99.21847,19.31331,"http://sic.gob.mx/ficha.php?table=comp_cine&table_id=997","2022-09-28 03:09:27-05"
1149,"Cinépolis Portal Centenario","1000-01-01","Cinépolis de México, S.A. de C.V.","10",9,"Ciudad de México",10,"Álvaro Obregón",1,"Álvaro Obregón","Av. Centenario 776 esq. Prol. 5 de mayo y Colina de Cahuas","Col. Arcos del Centenario","01618","","",-99.2213,19.36146,"http://sic.gob.mx/ficha.php?table=comp_cine&table_id=1149","2022-10-14 09:11:25-05"
578,"Cinépolis VIP Portal San Ángel","1000-01-01","Cinépolis de México, S.A. de C.V.","4",9,"Ciudad de México",10,"Álvaro Obregón",1,"Álvaro Obregón","Av. Revolución 1267","Col. Los Alpes","01010","","",-99.19137,19.36082,"http://sic.gob.mx/ficha.php?table=comp_cine&table_id=578","2022-10-06 05:36:56-05"
76,"Cinemex Altavista","2010-07-01","Cadena Mexicana de Exhibición, S.A. de C.V.","6",9,"Ciudad de México",10,"Álvaro Obregón",1,"Álvaro Obregón","Calz. Desierto de los Leones 52, Pabellón Altavista","Col. San Ángel","01000","","",-99.18982,19.34892,"http://sic.gob.mx/ficha.php?table=comp_cine&table_id=76","2022-09-28 04:32:29-05"
1205,"Cineteca Nacional Chapultepec","2025-08-15","Secretaría de Cultura","9",9,"Ciudad de México",10,"Álvaro Obregón",1,"Álvaro Obregón","Av. Vasco de Quiroga 1401 Campo Militar 1-F","Panteón Santa Fé","01219","","",-99.22874,19.38844,"http://sic.gob.mx/ficha.php?table=comp_cine&table_id=1205","2025-08-19 12:05:40-06"
481,"Cinemás Tláhuac","1000-01-01","Independiente","5",9,"Ciudad de México",11,"Tláhuac",1,"Tláhuac","Av. Tláhuac 5295","Col. Los Olivos","13210","","",-99.06167,19.30395,"http://sic.gob.mx/ficha.php?table=comp_cine&table_id=481","2026-02-17 14:39:33-06"
485,"Cinépolis Pabellón Cuemanco","1000-01-01","Cinépolis de México, S.A. de C.V.","8",9,"Ciudad de México",12,"Tlalpan",1,"Tlalpan","Cañaverales 222","Col. Cuemanco","14360","","",-99.1071,19.29529,"http://sic.gob.mx/ficha.php?table=comp_cine&table_id=485","2022-09-28 09:51:20-05"
484,"Cinépolis Paseo Acoxpa","1000-01-01","Cinépolis de México, S.A. de C.V.","12",9,"Ciudad de México",12,"Tlalpan",1,"Tlalpan","Calz. Acoxpa 430","Col. Residencial Acoxpa","14300","","",-99.13632,19.30018,"http://sic.gob.mx/ficha.php?table=comp_cine&table_id=484","2022-09-30 12:43:56-05"
131,"Cinemex Cuicuilco","1000-01-01","Cadena Mexicana de Exhibición, S.A. de C.V.","8",9,"Ciudad de México",12,"Tlalpan",1,"Tlalpan","Av. San Fernando 649","Col. Peña Pobre","14060","","",-99.18123,19.29856,"http://sic.gob.mx/ficha.php?table=comp_cine&table_id=131","2022-09-27 07:01:56-05"
483,"Cinemex Prado Coapa","1000-01-01","Cadena Mexicana de Exhibición, S.A. de C.V.","10",9,"Ciudad de México",12,"Tlalpan",1,"Tlalpan","Prol. División del Norte 4515","Col. Prado Coapa","14357","","",-99.13189,19.29049,"http://sic.gob.mx/ficha.php?table=comp_cine&table_id=483","2025-08-28 13:33:36-06"
482,"Cinemex Cuicuilco Platino","1000-01-01","Cadena Mexicana de Exhibición, S.A. de C.V.","5",9,"Ciudad de México",12,"Tlalpan",1,"Tlalpan","Av. San Fernando 649","Col. Peña Pobre","14060","","",-99.18129,19.29857,"http://sic.gob.mx/ficha.php?table=comp_cine&table_id=482","2022-09-27 05:32:05-05"
1134,"Cinépolis VIP Paseo Acoxpa","1000-01-01","Cinépolis de México, S.A. de C.V.","4",9,"Ciudad de México",12,"Tlalpan",1,"Tlalpan","Calz. Acoxpa 430","Col. Residencial Acoxpa","14300","","",-99.13632,19.30018,"http://sic.gob.mx/ficha.php?table=comp_cine&table_id=1134","2022-10-03 03:04:24-05"
1133,"Cinépolis Gran Terraza Coapa","1000-01-01","Cinépolis de México, S.A. de C.V.","11",9,"Ciudad de México",12,"Tlalpan",1,"Tlalpan","Calz. Coapa 610","Col. Villa Coapa","14390","","",-99.12976,19.29469,"http://sic.gob.mx/ficha.php?table=comp_cine&table_id=1133","2022-10-03 03:05:02-05"
130,"Cinemex Coapa","1000-01-01","Cadena Mexicana de Exhibición, S.A. de C.V.","10",9,"Ciudad de México",12,"Tlalpan",1,"Tlalpan","Calz. del Hueso 519","Col. Residencial Acoxpa","14300","","",-99.12344,19.30291,"http://sic.gob.mx/ficha.php?table=comp_cine&table_id=130","2022-09-28 04:34:25-05"
906,"Cine Villa Olímpica","2016-09-01","Gobierno de la Ciudad de México / Alcaldía de Tlalpan","1",9,"Ciudad de México",12,"Tlalpan",1,"Tlalpan","Del Olimpo s/n","Col. Miguel Hidalgo, Villa Olímpica","14250","","",0,0,"http://sic.gob.mx/ficha.php?table=comp_cine&table_id=906","2022-05-31 05:57:17-05"
129,"Cinépolis Ajusco","2005-01-01","Cinépolis de México, S.A. de C.V.","10",9,"Ciudad de México",12,"Tlalpan",1,"Tlalpan","Carr. Picacho Ajusco 175 esq. Av. Anillo Periférico Sur y Sinanche","Col. Héroes de Padierna","14200","","",-99.21189,19.299,"http://sic.gob.mx/ficha.php?table=comp_cine&table_id=129","2022-10-06 05:12:25-05"
1152,"Cinépolis VIP Gran Terraza Coapa","1000-01-01","Cinépolis de México, S.A. de C.V.","11",9,"Ciudad de México",12,"Tlalpan",1,"Tlalpan","Calz. Coapa 610","Col. Coapa","14390","","",-99.12952,19.29459,"http://sic.gob.mx/ficha.php?table=comp_cine&table_id=1152","2022-10-06 05:33:11-05"
961,"Cinépolis Patio Tlalpan","1000-01-01","Cinépolis de México, S.A. de C.V.","10",9,"Ciudad de México",12,"Tlalpan",1,"Tlalpan","Av. Insurgentes Sur 4177","Col. Santa Ursula Xitla","14420","","",-99.17624,19.28426,"http://sic.gob.mx/ficha.php?table=comp_cine&table_id=961","2022-09-30 03:55:28-05"
1181,"Cinemagic Xochimilco","1000-01-01","Cinemagic, S.A. de C.V.","0",9,"Ciudad de México",13,"Xochimilco",1,"Xochimilco","Camino a Nativitas 35","Barrio de Xaltocan","16090","","",-99.10266,19.25412,"http://sic.gob.mx/ficha.php?table=comp_cine&table_id=1181","2022-10-14 06:37:06-05"
463,"Cinépolis Patio Universidad ","1000-01-01","Cinépolis de México, S.A. de C.V.","10",9,"Ciudad de México",14,"Benito Juárez",1,"Benito Juárez","Popocatépetl 546 esq. Av. Universidad y Mayorazgo de Solís","Col. Xoco","03330","","",-99.16641,19.36547,"http://sic.gob.mx/ficha.php?table=comp_cine&table_id=463","2022-10-06 05:17:27-05"
83,"Cinemex Patriotismo","1000-01-01","Cadena Mexicana de Exhibición, S.A. de C.V.","12",9,"Ciudad de México",14,"Benito Juárez",1,"Benito Juárez","Av. Patriotismo 229","Col. San Pedro de los Pinos","03800","","",-99.1809,19.39656,"http://sic.gob.mx/ficha.php?table=comp_cine&table_id=83","2022-09-28 04:31:39-05"
431,"Cineteca Nacional","1974-01-17","Secretaría de Cultura","10",9,"Ciudad de México",14,"Benito Juárez",1,"Benito Juárez","Av. México Coyoacán 389","Col. Xoco","03330","","",-99.16494,19.36067,"http://sic.gob.mx/ficha.php?table=comp_cine&table_id=431","2022-08-17 03:35:27-05"
940,"Auto Drive Cinema, Plaza Universidad Mayorazgo","1000-01-01","Drive Cinema S.A. de C.V.","1",9,"Ciudad de México",14,"Benito Juárez",1,"Benito Juárez","Mayorazgo de Solís 50","Col. Xoco","03330","","",-99.16676,19.3644,"http://sic.gob.mx/ficha.php?table=comp_cine&table_id=940","2022-06-07 03:41:03-05"
464,"Cinépolis VIP Universidad","1000-01-01","Cinépolis de México, S.A. de C.V.","8",9,"Ciudad de México",14,"Benito Juárez",1,"Benito Juárez","Av. Universidad 1000","Col. Santa Cruz Atoyac","03310","","",-99.16567,19.36671,"http://sic.gob.mx/ficha.php?table=comp_cine&table_id=464","2022-09-28 10:07:30-05"
84,"Cinemex Parque Delta","1000-01-01","Cadena Mexicana de Exhibición, S.A. de C.V.","10",9,"Ciudad de México",14,"Benito Juárez",1,"Benito Juárez","Av. Cuauhtémoc 462","Col. Narvarte","03020","","",-99.15365,19.40221,"http://sic.gob.mx/ficha.php?table=comp_cine&table_id=84","2022-09-27 06:35:19-05"
1187,"Cinemas WTC","2023-03-10","","0",9,"Ciudad de México",14,"Benito Juárez",1,"Benito Juárez","Montecito 38","Col. Nápoles","03810","","",-99.17387,19.39451,"http://sic.gob.mx/ficha.php?table=comp_cine&table_id=1187","2023-04-04 07:38:44-06"
87,"Cinépolis Universidad","1000-01-01","Cinépolis de México, S.A. de C.V.","17",9,"Ciudad de México",14,"Benito Juárez",1,"Benito Juárez","Av. Universidad 1000","Col. Santa Cruz Atoyac","03310","","",-99.16567,19.3667,"http://sic.gob.mx/ficha.php?table=comp_cine&table_id=87","2022-09-30 03:56:31-05"
82,"Cinemex Manacar","1000-01-01","Cadena Mexicana de Exhibición, S.A. de C.V.","9",9,"Ciudad de México",14,"Benito Juárez",1,"Benito Juárez","Iinsurgentes Sur 1357","Col. Insurgentes Mixcoac","03920","","",-99.18103,19.36899,"http://sic.gob.mx/ficha.php?table=comp_cine&table_id=82","2022-05-25 07:51:52-05"
1091,"Cinemex Galerías Insurgentes Market","1000-01-01","Cadena Mexicana de Exhibición, S.A. de C.V.","9",9,"Ciudad de México",14,"Benito Juárez",1,"Benito Juárez","Parroquia 194","Col. Del Valle Sur","03230","","",-99.17871,19.3712,"http://sic.gob.mx/ficha.php?table=comp_cine&table_id=1091","2022-10-17 06:16:29-05"
571,"Cinemex Parque Delta Platino ","1000-01-01","Cadena Mexicana de Exhibición, S.A. de C.V.","6",9,"Ciudad de México",14,"Benito Juárez",1,"Benito Juárez","Av. Cuauhtémoc 462 esq. Obrero Mundial","Col. Narvarte","03020","","",-99.15363,19.40224,"http://sic.gob.mx/ficha.php?table=comp_cine&table_id=571","2022-09-26 07:23:20-05"
85,"Cinemex Universidad","1000-01-01","Cadena Mexicana de Exhibición, S.A. de C.V.","12",9,"Ciudad de México",14,"Benito Juárez",1,"Benito Juárez","Av. Universidad 740 esq. Miguel Laurent","Col. Del Valle","03310","","",-99.16305,19.3732,"http://sic.gob.mx/ficha.php?table=comp_cine&table_id=85","2022-09-27 05:40:32-05"
461,"Cinemex Félix Cuevas Platino","1000-01-01","Cadena Mexicana de Exhibición, S.A. de C.V.","7",9,"Ciudad de México",14,"Benito Juárez",1,"Benito Juárez","Av. Félix Cuevas 374","Col. Del Valle","03100","","",-99.17292,19.3731,"http://sic.gob.mx/ficha.php?table=comp_cine&table_id=461","2022-09-28 03:10:38-05"
100,"Cinemex Real","1000-01-01","Cadena Mexicana de Exhibición, S.A. de C.V.","8",9,"Ciudad de México",15,"Cuauhtémoc",1,"Cuauhtémoc","Colón 17 esq. Balderas y Reforma","Centro","06440","","",-99.14735,19.4363,"http://sic.gob.mx/ficha.php?table=comp_cine&table_id=100","2022-09-27 06:36:47-05"
469,"Cinépolis Fórum Buenavista","1000-01-01","Cinépolis de México, S.A. de C.V.","16",9,"Ciudad de México",15,"Cuauhtémoc",1,"Cuauhtémoc","Eje 1 Norte Mosqueta 259 esq. Insurguentes","Col. Buenavista","06350","","",-99.15133,19.4515,"http://sic.gob.mx/ficha.php?table=comp_cine&table_id=469","2022-08-23 05:23:00-05"
788,"Cine Savoy","1943-01-01","Independiente","1",9,"Ciudad de México",15,"Cuauhtémoc",1,"Cuauhtémoc","16 de Septiembre núm. 4","Centro","06010","","",-99.14049,19.43286,"http://sic.gob.mx/ficha.php?table=comp_cine&table_id=788","2022-08-01 16:01:33-05"
1056,"Cinemex Portal Centro","1000-01-01","Cadena Mexicana de Exhibición, S.A. de C.V.","9",9,"Ciudad de México",15,"Cuauhtémoc",1,"Cuauhtémoc","Av. Lorenzo Boturini 258 esq. Francisco Clavijero","Col. Tránsito","06820","","",-99.13035,19.41898,"http://sic.gob.mx/ficha.php?table=comp_cine&table_id=1056","2022-09-27 06:24:27-05"
1055,"Cinépolis Plaza Tlatelolco","1000-01-01","Cinépolis de México, S.A. de C.V.","5",9,"Ciudad de México",15,"Cuauhtémoc",1,"Cuauhtémoc","Av. Ricardo Flores Magón 210","Col. Guerrero","06300","","",-99.14087,19.45065,"http://sic.gob.mx/ficha.php?table=comp_cine&table_id=1055","2022-09-30 08:54:14-05"
101,"Cinépolis Diana","1000-01-01","Cinépolis de México, S.A. de C.V.","8",9,"Ciudad de México",15,"Cuauhtémoc",1,"Cuauhtémoc","Av. Paseo de la Reforma 423","Col. Cuauhtémoc","06500","","",-99.17158,19.42588,"http://sic.gob.mx/ficha.php?table=comp_cine&table_id=101","2022-10-05 05:33:46-05"
468,"Cinemex Reforma Casa de Arte ","1000-01-01","Operadora de AP CineMall S.A. de C.V.","4",9,"Ciudad de México",15,"Cuauhtémoc",1,"Cuauhtémoc","Río Guadalquivir 104","Col. Cuauhtémoc","06500","","",-99.1693,19.42738,"http://sic.gob.mx/ficha.php?table=comp_cine&table_id=468","2025-08-14 13:29:16-06"
102,"Cinemex Centro Telmex","1000-01-01","Cadena Mexicana de Exhibición, S.A. de C.V.","10",9,"Ciudad de México",15,"Cuauhtémoc",1,"Cuauhtémoc","Av. Chapultepec 19 esq. Av. Cuauhtémoc","Col. Roma Sur","06700","","",-99.15482,19.42524,"http://sic.gob.mx/ficha.php?table=comp_cine&table_id=102","2022-09-27 05:39:18-05"
924,"Cine Más Allá (CCD)","2012-01-01","Centro de Cultura Digital de la Secretaría de Cultura","1",9,"Ciudad de México",15,"Cuauhtémoc",1,"Cuauhtémoc","Paseo de Reforma s/n esq. Lieja","Col. Juárez","06600","","",-99.17574,19.42289,"http://sic.gob.mx/ficha.php?table=comp_cine&table_id=924","2026-01-29 17:39:45-06"
103,"Cinemex Reforma 222","1000-01-01","Cadena Mexicana de Exhibición, S.A. de C.V.","11",9,"Ciudad de México",15,"Cuauhtémoc",1,"Cuauhtémoc","Av. Paseo de la Reforma 222","Col. Juárez","06600","","",-99.16146,19.42844,"http://sic.gob.mx/ficha.php?table=comp_cine&table_id=103","2022-09-26 07:22:49-05"
1172,"Cinépolis Puerta Tlatelolco","1000-01-01","Cinépolis de México, S.A. de C.V.","0",9,"Ciudad de México",15,"Cuauhtémoc",1,"Cuauhtémoc","Eje 2 Norte Manuel González 95 "," Col. San Simón Tolnáhuac","06920","","",-99.14276,19.45497,"http://sic.gob.mx/ficha.php?table=comp_cine&table_id=1172","2022-10-10 05:37:31-05"
98,"Cinépolis Bucareli","1000-01-01","Cinépolis de México, S.A. de C.V.","6",9,"Ciudad de México",15,"Cuauhtémoc",1,"Cuauhtémoc","Bucareli 63","Col. Juárez","06600","","",-99.15141,19.43188,"http://sic.gob.mx/ficha.php?table=comp_cine&table_id=98","2022-10-10 04:27:26-05"
938,"Auto Drive Cinema, Insurgentes","1000-01-01","Drive Cinema S.A. de C.V.","1",9,"Ciudad de México",15,"Cuauhtémoc",1,"Cuauhtémoc","Av. Insurgentes 14","Col. Hipódromo","06600","","",-99.16017,19.42932,"http://sic.gob.mx/ficha.php?table=comp_cine&table_id=938","2022-08-02 12:31:02-05"
472,"Le Cinéma Ifal","1000-01-01","Independiente","1",9,"Ciudad de México",15,"Cuauhtémoc",1,"Cuauhtémoc","Río Nazas 43","Col. Cuauhtémoc","06500","","",-99.16686,19.43269,"http://sic.gob.mx/ficha.php?table=comp_cine&table_id=472","2023-04-03 05:10:48-06"
105,"Cinemex Cuauhtémoc","1989-01-01","Cadena Mexicana de Exhibición, S.A. de C.V.","12",9,"Ciudad de México",15,"Cuauhtémoc",1,"Cuauhtémoc","Pabellón Cuauhtémoc, Antonio M. Anza 20","Col. Roma","06720","","",-99.15573,19.41153,"http://sic.gob.mx/ficha.php?table=comp_cine&table_id=105","2022-10-18 14:06:13-05"
99,"Cinemex Insurgentes","1000-01-01","Cadena Mexicana de Exhibición, S.A. de C.V.","7",9,"Ciudad de México",15,"Cuauhtémoc",1,"Cuauhtémoc","San Luis Potosí esq. Insurgentes 214","Col. Roma","06760","","",-99.16608,19.41272,"http://sic.gob.mx/ficha.php?table=comp_cine&table_id=99","2022-09-27 06:21:13-05"
471,"La Casa del Cine MX","1000-01-01","Independiente","2",9,"Ciudad de México",15,"Cuauhtémoc",1,"Cuauhtémoc","República de Uruguay 52","Centro Histórico","06000","","",-99.13777,19.43078,"http://sic.gob.mx/ficha.php?table=comp_cine&table_id=471","2022-08-08 06:40:18-05"
470,"Cine Tonalá","1000-01-01","Independiente","1",9,"Ciudad de México",15,"Cuauhtémoc",1,"Cuauhtémoc","Tonalá 261","Col. Roma","06760","","",-99.16051,19.40886,"http://sic.gob.mx/ficha.php?table=comp_cine&table_id=470","2022-08-09 06:54:53-05"
127,"Cinemex Antara","1000-01-01","Cadena Mexicana de Exhibición, S.A. de C.V.","8",9,"Ciudad de México",16,"Miguel Hidalgo",1,"Miguel Hidalgo","Av. Ejército Nacional 843-B","Col. Granada","11520","","",-99.20378,19.43922,"http://sic.gob.mx/ficha.php?table=comp_cine&table_id=127","2022-09-26 18:21:29-05"
126,"Cinemex Pabellón Polanco","1000-01-01","Cadena Mexicana de Exhibición, S.A. de C.V.","7",9,"Ciudad de México",16,"Miguel Hidalgo",1,"Miguel Hidalgo","Ejército Nacional 980","Col. Chapultepec Morales","11560","","",-99.20746,19.43709,"http://sic.gob.mx/ficha.php?table=comp_cine&table_id=126","2022-09-27 07:00:07-05"
479,"Cinépolis Plaza Carso","1000-01-01","Cinépolis de México, S.A. de C.V.","5",9,"Ciudad de México",16,"Miguel Hidalgo",1,"Miguel Hidalgo","Lago Zúrich 245","Col. Ampliación Granada","11529","","",-99.20412,19.44152,"http://sic.gob.mx/ficha.php?table=comp_cine&table_id=479","2022-09-30 03:51:20-05"
476,"Cinemex Antara Platino","1000-01-01","Cadena Mexicana de Exhibición, S.A. de C.V.","4",9,"Ciudad de México",16,"Miguel Hidalgo",1,"Miguel Hidalgo","Av. Ejercito Nacional 843-B","Col. Granada","11520","","",-99.20376,19.43928,"http://sic.gob.mx/ficha.php?table=comp_cine&table_id=476","2022-09-27 04:27:18-05"
124,"Cinemex Duraznos Platino ","2010-09-01","Cadena Mexicana de Exhibición, S.A. de C.V.","5",9,"Ciudad de México",16,"Miguel Hidalgo",1,"Miguel Hidalgo","Bosques de Duraznos 39","Col. Bosques de las Lomas","11700","","",-99.24289,19.40248,"http://sic.gob.mx/ficha.php?table=comp_cine&table_id=124","2023-11-23 06:51:14-06"
573,"Cinemex Pabellón Polanco Platino","1000-01-01","Cadena Mexicana de Exhibición, S.A. de C.V.","4",9,"Ciudad de México",16,"Miguel Hidalgo",1,"Miguel Hidalgo","Av. Ejercito Nacional 980","Col. Chapultepec Morales","11560","","",-99.20747,19.43707,"http://sic.gob.mx/ficha.php?table=comp_cine&table_id=573","2022-09-27 04:41:40-05"
128,"Cinemex Galerías","1000-01-01","Cadena Mexicana de Exhibición, S.A. de C.V.","10",9,"Ciudad de México",16,"Miguel Hidalgo",1,"Miguel Hidalgo","Circuito Interior esq. Marina Nacional","Col. Verónica Anzúres","11300","","",-99.17118,19.43536,"http://sic.gob.mx/ficha.php?table=comp_cine&table_id=128","2022-09-30 09:08:39-05"
915,"Autocinema Coyote, Polanco","1000-01-01","Autocinema Coyote SA de CV","1",9,"Ciudad de México",16,"Miguel Hidalgo",1,"Miguel Hidalgo","Lago Zurich 200","Col. Granada","11529","","",-459.20256,19.44428,"http://sic.gob.mx/ficha.php?table=comp_cine&table_id=915","2022-10-14 05:05:48-05"
478,"Cinépolis VIP Plaza Carso","1000-01-01","Cinépolis de México, S.A. de C.V.","4",9,"Ciudad de México",16,"Miguel Hidalgo",1,"Miguel Hidalgo","Lago Zúrich 245","Col. Ampliación Granada","11529","","",-99.20411,19.44156,"http://sic.gob.mx/ficha.php?table=comp_cine&table_id=478","2023-10-11 04:13:28-06"
477,"Cinépolis VIP Miyana Polanco","1000-01-01","Cinépolis de México, S.A. de C.V.","7",9,"Ciudad de México",16,"Miguel Hidalgo",1,"Miguel Hidalgo","Av. Ejercito Nacional 769","Col. Granada","11570","","",-99.1999,19.43958,"http://sic.gob.mx/ficha.php?table=comp_cine&table_id=477","2022-09-30 12:29:58-05"
133,"Cinépolis Plaza Aeropuerto","1000-01-01","Cinépolis de México, S.A. de C.V.","11",9,"Ciudad de México",17,"Venustiano Carranza",1,"Venustiano Carranza","Calz. Gral. Ignacio Zaragoza 270","Col. Santa Cruz Aviación","15540","","",-99.09681,19.42156,"http://sic.gob.mx/ficha.php?table=comp_cine&table_id=133","2022-10-05 08:27:30-05"
998,"Cinépolis Ánfora","1000-01-01","Cinépolis de México, S.A. de C.V.","7",9,"Ciudad de México",17,"Venustiano Carranza",1,"Venustiano Carranza","Ánfora 71","Col. Penitenciaría","15390","","",-99.10979,19.43602,"http://sic.gob.mx/ficha.php?table=comp_cine&table_id=998","2023-11-24 06:39:28-06"
993,"Cinemex Encuentro Oceanía","2022-06-16","Cadena Mexicana de Exhibición, S.A. de C.V.","15",9,"Ciudad de México",17,"Venustiano Carranza",1,"Venustiano Carranza","Av. del Peñon 355","Col. Moctezuma 2da secc.","15530","","",-99.09338,19.44023,"http://sic.gob.mx/ficha.php?table=comp_cine&table_id=993","2022-09-27 06:35:53-05"
