teatro_id,teatro_nombre,teatro_fecha_fundacion,teatro_adscripcion,estado_id,nom_ent,municipio_id,nom_mun,localidad_id,nom_loc,teatro_calle_numero,teatro_colonia,teatro_cp,teatro_telefono1,pagina_web,facebook,twitter,instagram,email,gmaps_longitud,gmaps_latitud,teatro_aforo,teatro_tipo_escenario,link_sic,fecha_mod
474,"Foro Cultural Azcapotzalco","1978-10-04","Delegación Azcapotzalco",9,"Ciudad de México",2,"Azcapotzalco",1,"Azcapotzalco","Av. Cuitláhuac s/n esq. Pino","Col. Liberación","02930","55 5355 0376","https://inba.gob.mx/recinto/696","https://www.facebook.com/Eventos-Foro-Cultural-Azcapotzalco-2095605673989730","foroazcapotzalc","","foroculturalazcapotzalco@hotmail.com",-99.15177,19.4729,872,"semicircular","http://sic.gob.mx/ficha.php?table=teatro&table_id=474","2021-09-20 11:31:18-05"
378,"Teatro La Capilla","1953-01-20","Compañía Los Endebles A.C.",9,"Ciudad de México",3,"Coyoacán",1,"Coyoacán","Madrid 13","Col. Del Carmen Coyoacán","04100","55 3095 4077","https://www.teatrolacapilla.com/","https://www.facebook.com/LaCapillaTeatro","","https://www.instagram.com/teatrolacapilla/","info@teatrolacapilla.com",-99.16405,19.35738,100,"italiano","http://sic.gob.mx/ficha.php?table=teatro&table_id=378","2025-03-14 15:03:16-06"
771,"Sala Héctor Mendoza","2009-01-01","Secretaría de Cultura/INBA/Compañía Nacional de Teatro",9,"Ciudad de México",3,"Coyoacán",1,"Coyoacán","Francisco Sosa 159","Barrio Santa Catarina","04000","55 8647 5621","http://www.cnteatro.bellasartes.gob.mx","https://www.facebook.com/CNTeatromx/","CNTeatromx","https://www.instagram.com/cnteatromx/","publicos.cnteatro@inba.gob.mx",-99.16975,19.34949,96,"italiano","http://sic.gob.mx/ficha.php?table=teatro&table_id=771","2025-09-04 19:28:58-06"
458,"Teatro Santa Catarina","1970-08-05","UNAM / Dirección de Teatro",9,"Ciudad de México",3,"Coyoacán",1,"Coyoacán","Jardín de Santa Catarina 10 esq. Progreso y Francisco Sosa","Barrio de Santa Catarina","04000","55 5658 0560","http://www.teatro.unam.mx/wwwteatrounam/Paginas/stacatarina.html","","","","contactoteatrounam@gmail.com",-99.17127,19.34956,80,"multimodal","http://sic.gob.mx/ficha.php?table=teatro&table_id=458","2021-10-28 12:37:39-05"
952,"Foro teatral del Albergue del Arte","2009-01-01","Asociación Civil",9,"Ciudad de México",3,"Coyoacán",1,"Coyoacán","Alberto Zamora 32","Col. Villa Coyoacán","40000","55 5554 6228","","https://www.facebook.com/AlberguedelArte?rf=1463106837251971","tadecoteatro","","tadecos08@hotmail.com",-99.16328,19.34598,0,"","http://sic.gob.mx/ficha.php?table=teatro&table_id=952","2021-10-01 09:34:08-05"
915,"Foro Viena","2017-03-31","",9,"Ciudad de México",3,"Coyoacán",1,"Coyoacán","Centenario 159","Col. Del Carmen","04100 ","55 2155 9308","https://www.facebook.com/FOROVIENACOYOACAN/","","","","",-99.1633,19.35671,250,"italiano","http://sic.gob.mx/ficha.php?table=teatro&table_id=915","2023-12-05 13:21:14-06"
487,"Foro Sor Juana Inés de la Cruz","1979-02-26","UNAM/Centro Cultural Universitario",9,"Ciudad de México",3,"Coyoacán",1,"Coyoacán","Av. Insurgentes Sur 3000","Col. Ciudad Universitaria","04510","55 5665 5021","https://www.fundacionunam.org.mx/donde-paso/celebra-la-unam-40-anos-del-foro-sor-juana-ines-y-del-teatro-juan-ruiz-de-alarcon/","","","","teatrounam@hotmail.com y mergold@servidor.unam.mx",-99.18465,19.31354,180,"multimodal","http://sic.gob.mx/ficha.php?table=teatro&table_id=487","2021-10-01 08:43:59-05"
481,"Espacio C Héctor Azar","2005-04-02","Centro de Arte Dramático, A.C.",9,"Ciudad de México",3,"Coyoacán",1,"Coyoacán","Av. Centenario 26 esq. Belisario Domínguez","Col. Del Carmen","04000","55 5554 9091","https://cadac1975.wordpress.com/espacio-c-hector-azar/","","","","cadac1975@hotmail.com",-99.16409,19.35053,280,"escénico","http://sic.gob.mx/ficha.php?table=teatro&table_id=481","2021-09-29 15:13:42-05"
978,"Cirkóptero (espacio de creación, entrenamiento y presentación de artes circenses)","2019-05-04","",9,"Ciudad de México",3,"Coyoacán",1,"Coyoacán","Xicoténcatl 110","Col. Del Carmen","04100","55 7030 6833","http://www.cirkoptero.com.mx","https://www.facebook.com/Cirkoptero/","","","crucesintervencion.ac@gmail.com",-99.15343,19.35474,30,"multimodal","http://sic.gob.mx/ficha.php?table=teatro&table_id=978","2021-09-24 06:25:17-05"
660,"Aula Teatro Escenario Justo Sierra de la Facultad de Filosofía y Letras","1960-01-01","Colegio de Literatura Dramática y Teatro/UNAM",9,"Ciudad de México",3,"Coyoacán",1,"Coyoacán","","Cd. Universitaria","04510","55 5622 1884","http://teatro.filos.unam.mx/inicio/estudiantes/area-de-teatros/","","","","teatro@filos.unam.mx",-99.18727,19.33443,50,"","http://sic.gob.mx/ficha.php?table=teatro&table_id=660","2021-09-29 07:45:04-05"
486,"Foro Rodolfo Usigli","1989-07-01","SOGEM/Centro Cultural José María Fernández Unsaín",9,"Ciudad de México",3,"Coyoacán",1,"Coyoacán","Héroes del 47","Col. San Mateo Churubusco","04120","55 5337 0230 ext. 819","https://www.sogem.org/foro-rodolfo-usigli","","","","steatro2@sogem.org.mx ",-99.15025,19.3513,170,"isabelino","http://sic.gob.mx/ficha.php?table=teatro&table_id=486","2023-12-05 13:32:20-06"
466,"Teatro de las Artes","1994-11-24","Secretaría de Cultura/Centro Nacional de las Artes (CENART)",9,"Ciudad de México",3,"Coyoacán",1,"Coyoacán","Av. Río Churubusco 79","Col. Country Club","04220","55 4155 0000 ext. 1273","http://www.cenart.gob.mx/ubicaciones/teatro-de-las-artes/","","","","edelavega@cultura.gob.mx; vjuradol@cultura.gob.mx; aceballosr@cultura.gob.mx; juribec@cultra.gob.mx",-99.13892,19.35628,565,"italiano","http://sic.gob.mx/ficha.php?table=teatro&table_id=466","2026-01-06 14:28:44-06"
658,"Aula Teatro Enrique Ruelas de la Facultad de Filosofía y Letras","1960-01-01","UNAM/Colegio de Literatura Dramática y Teatro",9,"Ciudad de México",3,"Coyoacán",1,"Coyoacán","Circuito Interior s/n, edif.Adolfo Sánchez Vázquez","Col. Ciudad Universitaria","04510","55 5622 1884","http://www.filos.unam.mx/LICENCIATURA/Teatro","https://www.facebook.com/facultaddefilosofiayletras/","filos_unam","","teatro@filos.unam.mx",-99.1873,19.33439,50,"","http://sic.gob.mx/ficha.php?table=teatro&table_id=658","2021-09-29 07:41:26-05"
471,"Foro Experimental Black Box","1995-07-15","Secretaría de Cultura /CENART/Escuela Nacional de Danza Clásica y Contemporánea",9,"Ciudad de México",3,"Coyoacán",1,"Coyoacán","Río Churubusco s/n esq. Calz. de Tlalpan","Col. Country Club","04220","55 4155 0000","http://www.cenart.gob.mx/ubicaciones/foro-experimental-black-box/","https://www.facebook.com/cenartmexico/","","","",-99.14159,19.35626,90,"multimodal","http://sic.gob.mx/ficha.php?table=teatro&table_id=471","2021-10-01 08:35:11-05"
701,"Teatro Bar El Vicio ","2005-09-02","",9,"Ciudad de México",3,"Coyoacán",1,"Coyoacán","Madrid 13","Col. Del Carmen","04000","55 5659 1139","http://www.elvicio.com.mx/","https://www.facebook.com/teatrobarelvicio?fref=ts","","","",-99.1642,19.35739,0,"italiano","http://sic.gob.mx/ficha.php?table=teatro&table_id=701","2021-09-14 05:38:10-05"
679,"Foro Enrique Alonso","1994-09-10","Casa de Cultura Raúl Anguiano",9,"Ciudad de México",3,"Coyoacán",1,"Coyoacán","Rey Nezahualcóyotl esq. Yaquis s/n ","Col. Ajusco Huayamilpas","04300","55 5617 9189","http://cdmxtravel.com/es/lugares/casa-cultural-raul-anguiano.html","","","","casaculturalraulanguiano@hotmail.com",-99.1511,19.32275,280,"","http://sic.gob.mx/ficha.php?table=teatro&table_id=679","2021-10-01 07:53:59-05"
963,"Foro del Centro Cultural Los Talleres","1993-01-01","",9,"Ciudad de México",3,"Coyoacán",1,"Coyoacán","Francisco Sosa 29","Del Carmen","04000","55 5658 7288","http://www.lostalleres.com.mx","https://www.facebook.com/lostalleresoficial/","lostalleres","","talleres@lostalleres.com.mx",-99.167,19.34944,60,"italiano","http://sic.gob.mx/ficha.php?table=teatro&table_id=963","2025-09-22 14:16:20-06"
485,"Teatro Dr. Jorge Flores Valdés","1992-12-12","UNAM/Centro Cultural Universitario/Museo de las Ciencias Universum",9,"Ciudad de México",3,"Coyoacán",1,"Coyoacán","Circuito Mario de la Cueva s/n ","Ciudad Universitaria","04510","55 5622 7260, 55 5622 7287","http://www.universum.unam.mx","","","","centrotelefonico@dgdc.unam.mx",-99.18135,19.31109,232,"italiano","http://sic.gob.mx/ficha.php?table=teatro&table_id=485","2023-10-19 08:42:14-06"
492,"Foro Casa del Teatro","1991-03-18","La Casa del Teatro, A.C.",9,"Ciudad de México",3,"Coyoacán",1,"Coyoacán","Vallarta 31-A, Plaza de la Conchita","Col. La Concepción","04020","55 5659 4238  ","https://www.casadelteatro.com.mx/","https://es-la.facebook.com/LaCasadelTeatro/","","","casadelteatrocoordinacion@gmail.com; foros.tallereslacasadelteatro@gmail.com",-99.15991,19.34688,50,"italiano","http://sic.gob.mx/ficha.php?table=teatro&table_id=492","2022-01-21 13:19:31-06"
344,"Teatro Salvador Novo","1995-08-24","Secretaría de Cultura/Centro Nacional de las Artes (CENART)",9,"Ciudad de México",3,"Coyoacán",1,"Coyoacán","Río Churubusco 79 esq. Calz. de Tlalpan","Col. Country Club","04220","55 4155 0000 exts. 1008, 1321, 1322","https://www.cenart.gob.mx/espacios-escenicos/","https://www.facebook.com/pages/Teatro-Salvador-Novo/201291023323743?locale=es_LA","","https://www.instagram.com/explore/locations/289469484/teatro-salvador-novo-cna/","abriz@cultura.gob.mx; vjuradol@cultura.gob.mx; aceballosr@cultura.gob.mx; juribec@cultra.gob.mx",-99.14311,19.35634,270,"italiano","http://sic.gob.mx/ficha.php?table=teatro&table_id=344","2026-01-06 14:28:41-06"
1034,"Teatro Lola Cueto","1000-01-01","",9,"Ciudad de México",3,"Coyoacán",1,"Coyoacán","Av. Francisco Sosa 298","Barrio de Santa Catarina","04010 ","55 3051 0601","","https://www.facebook.com/pages/Teatro%20Lola%20Cueto/2087192818220667/","teatrololacueto298","https://www.instagram.com/teatrololacueto298/?hl=es","teatrodelamateria@gmail.com",-99.16194,19.35021,35,"Italiano","http://sic.gob.mx/ficha.php?table=teatro&table_id=1034","2026-01-05 14:40:19-06"
532,"Teatro Juan Ruiz de Alarcón","1979-02-26","UNAM/Centro Cultural Universitario",9,"Ciudad de México",3,"Coyoacán",1,"Coyoacán","Av. Insurgentes Sur 3000","Cd. Universitaria","04510","55 5665 6956","","","","","contactoteatrounam@gmail.com",-99.18038,19.32198,417,"italiano","http://sic.gob.mx/ficha.php?table=teatro&table_id=532","2023-12-05 12:59:31-06"
331,"Teatro Enrique Lizalde","1963-10-23","Sociedad General de Escritores de México (SOGEM)/Centro Cultural José María Fernández Unsaín",9,"Ciudad de México",3,"Coyoacán",1,"Coyoacán","Eleuterio Méndez 11 y Héroes del 47","Col. Churubusco Coyoacán","04120","55 5337 0230  ext.819","https://www.sogem.org/enrique-lizalde","https://www.facebook.com/TeatroEnriqueLizalde","","","contacto@sogem.org; jgutierrez@sogem.org.mx",-99.15029,19.35094,160,"italiano","http://sic.gob.mx/ficha.php?table=teatro&table_id=331","2023-10-25 06:57:29-06"
493,"Teatro Ramiro Jiménez","1996-06-19","Particular",9,"Ciudad de México",3,"Coyoacán",1,"Coyoacán","Av. División del Norte 2545","Col. Del Carmen Coyoacán","04100","55 5688 5340","http://carteleradeteatro.mx/teatro/sur/teatro-ramiro-jimenez/","https://www.facebook.com/Teatro-Ramiro-Jim%C3%A9nez-553350894718865/","","","contacto@teatroramirojimenez.com",-99.15288,19.35606,655,"italiano","http://sic.gob.mx/ficha.php?table=teatro&table_id=493","2020-02-28 11:32:26-06"
461,"Teatro Rafael Solana","1992-11-23","Centro  Social Veracruzano, A.C.",9,"Ciudad de México",3,"Coyoacán",1,"Coyoacán","Miguel Ángel de Quevedo 687","Barrio del Cuadrante de San Francisco","04320","55 5554 1633","","https://www.facebook.com/TeatroRafaelSolanaMx/?locale=es_LA","TeatroRafaelSolanaMx","","jarochos@prodigy.nett.mx",-99.1626,19.3441,289,"italiano","http://sic.gob.mx/ficha.php?table=teatro&table_id=461","2023-11-21 05:11:20-06"
555,"Foro Cultural Ana María Hernández","1985-01-01","Centro de Capacitación y Oficinas de Desarrollo Social/Secretaría de Cultural del D.F. ",9,"Ciudad de México",3,"Coyoacán",1,"Coyoacán","Av. Pacífico 181 ","Barrio La Concepción","04020","55 5658 9744","","https://es-la.facebook.com/forocultiralanamariahdez/","","","foro.anamaria.cultura.coyoacan@gmail.com",-99.15792,19.34544,239,"","http://sic.gob.mx/ficha.php?table=teatro&table_id=555","2026-01-13 11:33:24-06"
432,"Teatro Carlos Ancira","1986-04-01","Alcaldía Coyoacán/Casa de la Cultura Ricardo Flores Magón",9,"Ciudad de México",3,"Coyoacán",1,"Coyoacán","Calz. de la Virgen esq. Canal Nacional","Col. Carmen Serdán","04910","55 5607 0888","https://carteleradeteatro.mx/teatro/sur/teatro-carlos-ancira/","https://www.facebook.com/culturacoyoacan","","","casadelacultura.floresmagon@gmail.com",-99.10258,19.32313,307,"italiano","http://sic.gob.mx/ficha.php?table=teatro&table_id=432","2025-11-11 11:50:53-06"
482,"Teatro Carlos Lazo","1960-01-01","UNAM/Facultad de Arquitectura",9,"Ciudad de México",3,"Coyoacán",1,"Coyoacán","Circuito Escolar s/n, Int. Fac. de Arquitectura","Cd. Universitaria","04510","55 5616 0545","","","","","",-99.18713,19.33072,422,"italiano","http://sic.gob.mx/ficha.php?table=teatro&table_id=482","2023-02-24 07:05:40-06"
247,"Foro Cultural Coyoacanense Hugo Argüelles","1977-10-13","Gobierno de la ciudad de México/Alcaldía Coyoacán",9,"Ciudad de México",3,"Coyoacán",1,"Coyoacán","Ignacio Allende 36","Col. Del Carmen","04100","55 5554 0738","https://coyoacan.cdmx.gob.mx/mapas/ForosCasasDeCultura/indexforocultural.php","https://www.facebook.com/foroculturalcoyoacanense/?locale=es_LA","","https://www.instagram.com/foro_cultural_coyoacanense/","forocoyoacanense@gmail.com",-99.16206,19.35065,216,"italiano","http://sic.gob.mx/ficha.php?table=teatro&table_id=247","2026-06-03 13:08:54-06"
469,"Teatro Raúl Flores Canelo","1995-07-15","Secretaría de Cultura/Centro Nacional de las Artes (CENART)",9,"Ciudad de México",3,"Coyoacán",1,"Coyoacán","Río Churubusco 79 esq. Calz. de Tlalpan","Col. Country Club","04220","55 4155 0000 exts. 1508, 1513","http://www.cenart.gob.mx","https://www.facebook.com/pages/Teatro-Ra%C3%BAl-Flores-Canelo/1434228000157234?locale=es_LA","","https://www.instagram.com/explore/locations/306786340/teatro-raul-flores-canelo/","vjuradol@cultura.gob.mx; aceballosr@cultura.gob.mx; juribec@cultra.gob.mx",-99.14267,19.35626,336,"italiano","http://sic.gob.mx/ficha.php?table=teatro&table_id=469","2026-01-06 14:28:52-06"
1035,"Foro Experimental José Luis Ibáñez","2016-09-21","UNAM/Facultad de Filosofía y Letras/Colegio de Literatura Dramática y Teatro",9,"Ciudad de México",3,"Coyoacán",1,"Coyoacán","Facultad de Filosofía y Letras, Circuito Interior s/n","Ciudad Universitaria","04510","55508013, 56221868","https://www.filos.unam.mx/extension/foro-experimental-jose-luis-ibanez/","https://www.facebook.com/facultaddefilosofiayletras","","","extensionacademica@filos.unam.mx",-99.18706,19.33452,0,"","http://sic.gob.mx/ficha.php?table=teatro&table_id=1035","2024-04-05 13:20:14-06"
470,"Foro Antonio López Mancera","1995-08-17","Secretaría de Cultura/Centro Nacional de las Artes (CENART)/Escuela Nacional de Arte Teatral",9,"Ciudad de México",3,"Coyoacán",1,"Coyoacán","Río Churubusco s/n esq. Calz. de Tlalpan","Col. Country Club","04200","55 4155 0000 ext. 1008","http://www.cenart.gob.mx/ubicaciones/foro-antonio-lopez-mancera/","","","","abriz@cultura.gob.mx; vjuradol@cultura.gob.mx; aceballosr@cultura.gob.mx; juribec@cultra.gob.mx",-99.14323,19.35634,72,"multimodal","http://sic.gob.mx/ficha.php?table=teatro&table_id=470","2026-01-06 14:28:48-06"
468,"Foro de las Artes ","2000-11-14","Secretaría de Cultura /CENART",9,"Ciudad de México",3,"Coyoacán",1,"Coyoacán","Río Churubusco 79 esq. Calz. de Tlalpan","Col. Country Club","04220","55 4155 0000 ext. 1008","http://www.cenart.gob.mx/ubicaciones/foro-de-las-artes/","","","","",-99.13703,19.35389,96,"multimodal","http://sic.gob.mx/ficha.php?table=teatro&table_id=468","2021-10-01 07:02:17-05"
1054,"Teatro Morelos","2015-01-01","Alcaldía Cuajimalpa de Morelos/Subdirección de Derechos Culturales",9,"Ciudad de México",4,"Cuajimalpa de Morelos",1,"Cuajimalpa de Morelos","Av. Juárez s/n, esq. Av. México","Cuajimalpa","05000","55 5814 1150","","https://www.facebook.com/photo/?fbid=122141104640538864&set=a.122108741000538864","","","sdc@cuajimalpacdmx.gob.mx",-99.29972,19.35735,400,"","http://sic.gob.mx/ficha.php?table=teatro&table_id=1054","2025-03-27 13:44:12-06"
994,"Anfiteatro La Mexicana","2018-11-25","Gobierno de la Ciudad de México",9,"Ciudad de México",4,"Cuajimalpa de Morelos",1,"Cuajimalpa de Morelos","Av. Luis Barragán 505","Col. Santa Fe","05348","","https://parquelamexicana.mx/","https://www.facebook.com/parquelamexicanaoficial","https://x.com/mexicanaparque","https://www.instagram.com/parquelamexicana_oficial/?hl=es","info@parquelamexicana.mx",-99.27323,19.35532,600,"Irregular","http://sic.gob.mx/ficha.php?table=teatro&table_id=994","2025-06-06 14:20:27-06"
402,"Teatro al Aire Libre Tío Gamboín","1972-12-01","Gobierno de la Ciudad de México/Secretaría del Medio Ambiente/Centro de Convivencia Infantil",9,"Ciudad de México",5,"Gustavo A. Madero",1,"Gustavo A. Madero","Av. Loreto Fabela s/n, Bosque de San Juan de Aragón","","07920","55 5100 2829 ext. 109","https://www.sedema.cdmx.gob.mx","","","","bosquearagon@hotmail.com",-99.0793,19.4613,1500,"isabelino","http://sic.gob.mx/ficha.php?table=teatro&table_id=402","2023-12-06 07:36:37-06"
439,"Teatro Francisco Fuentes Madaleno","1952-01-01","Gobierno de la Ciudad de México/Alcaldía Gustavo A. Madero",9,"Ciudad de México",5,"Gustavo A. Madero",1,"Gustavo A. Madero","Av. Lindavista s/n entre Matanzas y Lima, Parque Deportivo Miguel Alemán","Col. Lindavista","07300","55 5119 5364","https://www.gamadero.cdmx.gob.mx","","","","",-99.12801,19.49283,250,"italiano","http://sic.gob.mx/ficha.php?table=teatro&table_id=439","2023-12-06 08:32:06-06"
199,"Teatro Morelos IMSS","1962-02-23","Instituto Mexicano del Seguro Social (IMSS)",9,"Ciudad de México",5,"Gustavo A. Madero",1,"Gustavo A. Madero","Av. San Juan de Aragón 311 esq. Eduardo Molina","Col. San Pedro El Chico","07480","55 5781 4390","https://teatrodelanacion.com.mx/teatros/teatro-morelos/","","","","teatros.metropolitanos@fidteatros.com.mx",-99.09733,19.47848,412,"italiano","http://sic.gob.mx/ficha.php?table=teatro&table_id=199","2023-12-05 13:48:50-06"
685,"Sala de Conciertos Tepecuicatl","1993-03-17","Alcaldía Gustavo A. Madero/Subdirección de Promoción y Difusión Cultural",9,"Ciudad de México",5,"Gustavo A. Madero",1,"Gustavo A. Madero","Av. Cantera 12 esq. Misterios","Barrio Rosas del Tepeyac","07010","55 5748 0949, 55 4291 8699","","https://www.facebook.com/profile.php?id=100067120839643","","","gam.spdc@gmail.com",-99.11692,19.48911,0,"","http://sic.gob.mx/ficha.php?table=teatro&table_id=685","2024-03-15 07:12:19-06"
440,"Teatro al Aire Libre Carlos Colorado","1984-01-01","Gobierno de la Ciudad de México/Alcaldía Gustavo A. Madero",9,"Ciudad de México",5,"Gustavo A. Madero",1,"Gustavo A. Madero","Av. Ejido esq. Benito Juárez","Col. 25 de Julio","07520","55 5118 2800 ext. 7201"," http://www.gamadero.gob.mx","https://www.facebook.com/profile.php?id=100064949131330","","","carloscolorado.gam@gmail.com",-99.08091,19.49541,1000,"Cuadrado Frontal","http://sic.gob.mx/ficha.php?table=teatro&table_id=440","2023-12-06 06:18:47-06"
252,"Teatro Tepeyac Carmen Montejo","1960-06-01","Instituto Mexicano del Seguro Social (IMSS)",9,"Ciudad de México",5,"Gustavo A. Madero",1,"Gustavo A. Madero","Calz. de Guadalupe 497","Col. Estrella","07810","55 5517 6560","https://teatrodelanacion.com.mx/teatros/teatro-tepeyac/","https://www.facebook.com/TeatroTepeyacOficial","","","magaly.gayosso@imss.gob.mx",-99.12127,19.47342,688,"italiano con escenario giratorio","http://sic.gob.mx/ficha.php?table=teatro&table_id=252","2023-12-06 09:07:33-06"
728,"Teatro del Centro Cultural Fausto Vega","2014-03-09","Alcaldía Iztapalapa/Dirección Ejecutiva de Cultura",9,"Ciudad de México",7,"Iztapalapa",1,"Iztapalapa","Alfonso del Toro s/n","Col. Escuadrón 201","09000","55 4528 2551","https://carteleradeteatro.mx/teatro/teatro-del-centro-cultural-fausto-vega/","","","","fidel.sandoval70@gmail.com; promocionculturaliztapalapa@gmail.com",-99.11116,19.36668,1164,"Italiano","http://sic.gob.mx/ficha.php?table=teatro&table_id=728","2021-10-21 09:26:08-05"
735,"Foro Escénico del Faro de Oriente","2011-09-01","Secretaría de Cultura de la Ciudad de México",9,"Ciudad de México",7,"Iztapalapa",1,"Iztapalapa","Calz. Ignacio Zaragoza s/n","Col. Fuentes de Zaragoza","09150","(55) 5738 7443 ","https://www.cultura.cdmx.gob.mx/recintos/faro-oriente","https://www.facebook.com/faro.deoriente/?locale=es_LA","","https://www.instagram.com/farodeoriente","farodeorientedireccion@yahoo.com.mx",-99.01008,19.36994,0,"","http://sic.gob.mx/ficha.php?table=teatro&table_id=735","2026-02-20 18:15:10-06"
315,"Teatro del Fuego Nuevo","1979-05-04","Universidad Autónoma Metropolitana, Unidad Iztapalapa",9,"Ciudad de México",7,"Iztapalapa",1,"Iztapalapa","Av. San Rafael Atlixco 186, edif. B,  P.B.","Col. Vicentina","09340","55 5804 4820, 55 5804 4821","http://www.comunicacionsocial.uam.mx/cultura.html","https://www.facebook.com/p/Teatro-del-Fuego-Nuevo-UAM-Iztapalapa-100063536589739/","","","",-99.07245,19.36128,190,"italiano","http://sic.gob.mx/ficha.php?table=teatro&table_id=315","2023-12-06 10:17:07-06"
417,"Teatro San Jerónimo Independencia","1962-04-01","",9,"Ciudad de México",8,"La Magdalena Contreras",1,"La Magdalena Contreras","Periférico Sur 3400, Unidad Independencia","Col. San Jerónimo Lídice","10100","55 5595 2117","","","","https://www.instagram.com/teatrosanjeronimoindependencia","",-99.20972,19.33404,467,"italiano","http://sic.gob.mx/ficha.php?table=teatro&table_id=417","2023-12-05 10:14:10-06"
478,"Claustro Románico","1979-06-12","Secretaría de Cultura",9,"Ciudad de México",10,"Álvaro Obregón",1,"Álvaro Obregón","Av. Revolución 1500","Col. Guadalupe Inn","01020","55 1885 8445","https://helenico.edu.mx/","https://www.facebook.com/InstitutoHelenico","https://x.com/IHelenico","","ich@helenico.edu.mx; vinculacion@helenico.edu.mx",-99.18987,19.35301,300,"multimodal","http://sic.gob.mx/ficha.php?table=teatro&table_id=478","2025-12-18 12:17:39-06"
931,"Foro 1869","1000-01-01","Privado",9,"Ciudad de México",10,"Álvaro Obregón",1,"Álvaro Obregón","Insurgentes Sur 1869","Col. Guadalupe Inn","01020","55 7743 5982","http://foro1869.com","https://www.facebook.com/Foro1869/","","","foro1869@gmail.com",-99.18541,19.35495,250,"","http://sic.gob.mx/ficha.php?table=teatro&table_id=931","2025-06-17 13:30:31-06"
422,"Teatro de la Juventud","1989-01-01","Alcaldía Álvaro Obregón/Dirección General de Cultura, Educación y Deporte/Coordinación de Fomento Cultural y Educación",9,"Ciudad de México",10,"Álvaro Obregón",1,"Álvaro Obregón","Calle 10 s/n esq. Canario","Col. Tolteca","01150","55 5276 6865","","https://www.facebook.com/carteleradeteatrocdmx/","","","teatro_juventud_dao@hotmail.com",-99.19472,19.39025,1195,"italiano","http://sic.gob.mx/ficha.php?table=teatro&table_id=422","2025-10-30 11:06:21-06"
511,"Teatro del Centro Cultural Helénico","1979-06-12","Secretaría de Cultura Federal/Centro Cultural Helénico",9,"Ciudad de México",10,"Álvaro Obregón",1,"Álvaro Obregón","Av. Revolución 1500","Col. Guadalupe Inn","01020","55 4155 0900 y 01","//www.helenico.gob.mx","//www.facebook.com/CCHelenico/?ref=bookmarks","Helenico","","helenico@cultura.gob.mx",-99.19005,19.35306,460,"italiano","http://sic.gob.mx/ficha.php?table=teatro&table_id=511","2023-12-05 10:37:31-06"
251,"Teatro Santa Fe/Unidad Médico Familiar 12","1958-03-07","Instituto Mexicano del Seguro Social (IMSS)",9,"Ciudad de México",10,"Álvaro Obregón",1,"Álvaro Obregón","Plaza de los Héroes  s/n","U.H. Santa Fe","01170","55 9208 8961","","https://www.facebook.com/p/Teatro-Santa-Fe-Oficial-100052557536326","tsantafeimss","","teatrosantafeimss@hotmail.com",-99.20458,19.38827,270,"cuadrado","http://sic.gob.mx/ficha.php?table=teatro&table_id=251","2026-03-23 10:51:51-06"
477,"Teatro Carpa Geodésica","1975-01-06","Teatro de Papel, A.C.",9,"Ciudad de México",10,"Álvaro Obregón",1,"Álvaro Obregón","Av. de los Insurgentes Sur 2135","Col. San Ángel","01000","55 5616 0866","","https://www.facebook.com/CarpaGeodesicaTeatro","","","teatrocarpageodesica@hotmail.com",-99.18856,19.34571,250,"isabelino","http://sic.gob.mx/ficha.php?table=teatro&table_id=477","2021-09-20 06:24:57-05"
512,"Foro La Gruta","1988-01-13","Secretaría de Cultura/Centro Cultural Helénico",9,"Ciudad de México",10,"Álvaro Obregón",1,"Álvaro Obregón","Av. Revolución 1500","Col. Guadalupe Inn","01020","55 4155 0919","http://www.helenico.gob.mx","https://www.facebook.com/CCHelenico/?ref=bookmarks","Helenico","","",-99.19013,19.35245,80,"multimodal","http://sic.gob.mx/ficha.php?table=teatro&table_id=512","2022-07-22 12:27:17-05"
513,"Capilla Gótica del Siglo XIV ","1979-06-12","Instituto Cultural Helénico, A.C.",9,"Ciudad de México",10,"Álvaro Obregón",1,"Álvaro Obregón","Av. Revolución 1500","Col. Guadalupe Inn","01020","55 1885 8445","https://helenico.edu.mx/","https://www.facebook.com/InstitutoHelenico/","IHelenico","","ich@helenico.edu.mx; vinculacion@helenico.edu.mx",-99.18987,19.35302,300,"rectangular","http://sic.gob.mx/ficha.php?table=teatro&table_id=513","2026-01-26 14:09:44-06"
423,"Teatro López Tarso","1988-01-29","Gobierno de la ciudad de México/Centro Cultural San Ángel",9,"Ciudad de México",10,"Álvaro Obregón",1,"Álvaro Obregón","Av. Revolución 1733 esq. Francisco I. Madero","Col. San Ángel","01000","55 5616 1254","","https://www.facebook.com/teatroignaciolopeztarso/","","","centroculturalsanangel@hotmail.com",-99.19038,19.34542,400,"italiano","http://sic.gob.mx/ficha.php?table=teatro&table_id=423","2021-09-17 14:59:40-05"
914,"Teatro Royal Pedregal","2017-03-31","Privado ",9,"Ciudad de México",12,"Tlalpan",1,"Tlalpan","Periférico Sur 4363","Col. Jardines en la Montaña","14210","55 2155 3420","","https://www.facebook.com/elroyalpedregal/?locale=es_LA","","https://www.instagram.com/teatroroyalpedregal/?hl=en","",-99.20023,19.30365,384,"italiano","http://sic.gob.mx/ficha.php?table=teatro&table_id=914","2025-11-12 11:15:51-06"
332,"Foro José Solé","1999-11-21","Delegación Zona Regional Sur del ISSSTE/Subdirección de Acción Cultural",9,"Ciudad de México",12,"Tlalpan",1,"Tlalpan","San Fernando 15","Col. Toriello Guerra","14050","55 5665 1245","","","","","",-99.17168,19.29387,130,"frontal","http://sic.gob.mx/ficha.php?table=teatro&table_id=332","2025-05-27 08:53:45-06"
839,"Amacalone. Teatro de arte dramático","2013-07-01","",9,"Ciudad de México",14,"Benito Juárez",1,"Benito Juárez","Soria 65","Col. Alamos","03400","55 1360 6384","","https://www.facebook.com/FEITHM/","","","amacalone@hotmail.com",-99.14324,19.39779,0,"","http://sic.gob.mx/ficha.php?table=teatro&table_id=839","2021-09-20 11:46:38-05"
484,"Teatrín Pedro Infante","2000-10-21","Asociación Nacional de Actores (ANDA)",9,"Ciudad de México",14,"Benito Juárez",1,"Benito Juárez","Petén 45 Nte.","Col. Narvarte","03020","55 5519 3507","","","","","iasoler@institutoandressoler.com",-99.15194,19.40237,0,"italiano","http://sic.gob.mx/ficha.php?table=teatro&table_id=484","2021-07-09 15:17:47-05"
429,"Teatro María Tereza Montoya","1985-05-01","Alcaldía  Benito Juárez/Coordinación de Cultura/Subdirección de Derechos Culturales Recreativos y Educativos",9,"Ciudad de México",14,"Benito Juárez",1,"Benito Juárez","Eje Central Lázaro Cárdenas 912 ","Col. Segunda del Periodista","03620","55 5674 2533","","https://www.facebook.com/TeatroMariaTerezaMontoya","",""," Tmariaterezamontoya@gmail.com",-99.14747,19.38309,396,"italiano","http://sic.gob.mx/ficha.php?table=teatro&table_id=429","2025-12-19 17:42:43-06"
1060,"Foro de la Casa de Cultura Zacahuitzco","1980-03-01","Alcaldía Benito Juárez",9,"Ciudad de México",14,"Benito Juárez",1,"Benito Juárez","Valdivia 87 ","Col. Zacahuitzco","03550","55 2065 1616","","https://www.facebook.com/profile.php?id=100089897811364","","https://www.instagram.com/c.c._zacahuitzco/","c.c.zacahuitzco@gmail.com",-99.13699,19.3735,50,"Italiano","http://sic.gob.mx/ficha.php?table=teatro&table_id=1060","2025-06-06 13:03:11-06"
509,"Foro al aire libre Gabriel Figueroa","2012-11-08","Secretaría de Cultura/Cineteca Nacional",9,"Ciudad de México",14,"Benito Juárez",1,"Benito Juárez","Av. México Coyoacán 389 ","Col. Xoco","03330","55 4155 1200","https://www.cinetecanacional.net/controlador.php?opcion=FoAL","https://www.facebook.com/CinetecaMexico/","","","info@cinetecanacional.net",-99.16475,19.36047,600,"frontal","http://sic.gob.mx/ficha.php?table=teatro&table_id=509","2021-11-11 11:38:30-06"
494,"Foro Contigo América","1990-08-18","Contigo America Institución Teatral Independiente, A.C. ",9,"Ciudad de México",14,"Benito Juárez",1,"Benito Juárez","Arizona 156","Col. Nápoles","03810","55 5669 3589","http://contigoamerica.org.mx","https://www.facebook.com/ContigoAmerica","","","contigoamerica@yahoo.com.mx",-99.18057,19.39281,90,"multimodal","http://sic.gob.mx/ficha.php?table=teatro&table_id=494","2021-09-20 12:18:42-05"
389,"Sala Julián Carrillo","1976-10-11","UNAM/Radio UNAM",9,"Ciudad de México",14,"Benito Juárez",1,"Benito Juárez","Adolfo Prieto 133","Col. del Valle","03100","55 5623 3281","http://www.radiounam.unam.mx/","https://www.facebook.com/radiounam?fref=ts","","","radio@unam.com",-99.16608,19.39834,180,"italiano","http://sic.gob.mx/ficha.php?table=teatro&table_id=389","2021-09-21 13:54:57-05"
522,"Teatro de los Insurgentes","1953-04-30","Televisa, S.A. de C.V.",9,"Ciudad de México",14,"Benito Juárez",1,"Benito Juárez","Insurgentes Sur 1587","Col. San José Insurgentes","03900","55 5598 6894","http://cdmxtravel.com/es/lugares/teatro-de-los-insurgentes.html","https://www.facebook.com/teatroinsurgentes/","","","teatroinsurgentes@prodigy.net.mx",-99.18242,19.36408,959,"italiano","http://sic.gob.mx/ficha.php?table=teatro&table_id=522","2021-09-28 08:42:22-05"
811,"El Telón de Asfalto","1995-03-14","",9,"Ciudad de México",14,"Benito Juárez",1,"Benito Juárez","Perpetua 4","Col. San José Insurgentes","03900","55 5615 0598 ","http://www.telondeasfalto.com.mx/","https://www.facebook.com/telondeasfalto/","TELONDEASFALTO","","info@telondeasfalto.com.mx",-99.18243,19.36606,200,"","http://sic.gob.mx/ficha.php?table=teatro&table_id=811","2021-09-21 06:10:16-05"
846,"Foro El Cubo","2015-06-04","Compañía Perro Teatro",9,"Ciudad de México",14,"Benito Juárez",1,"Benito Juárez","Lic. Grajales Robles 28 esq. Adolfo Prieto y Mier y Pesado","Col. Del Valle","03103","55 3389 0767","https://www.timeoutmexico.mx/ciudad-de-mexico/teatro/foro-el-cubo","https://www.facebook.com/ForoelCubo2015/","foroelcubo","","perroteatro@yahoo.com; foroelcubo@gmail.com",-99.16431,19.40007,40,"multimodal","http://sic.gob.mx/ficha.php?table=teatro&table_id=846","2021-09-21 13:05:14-05"
918,"Foro Teatral Bellescene","2017-04-08","",9,"Ciudad de México",14,"Benito Juárez",1,"Benito Juárez","Zempoala 90, esq. La Morena y Xola","Col. Narvarte","03020","55 7576 9084","https://www.timeoutmexico.mx/ciudad-de-mexico/teatro/foro-cultural-bellescene","https://www.facebook.com/ForoBellescene/?fref=mentions","ForoBellescene","","socialbellescene@gmail.com",-99.14793,19.39782,0,"italiano","http://sic.gob.mx/ficha.php?table=teatro&table_id=918","2021-09-21 13:11:44-05"
689,"Foro de los Hermanos Soler","1957-01-01","Gobierno de la Ciudad de México/Alcaldía Benito Juárez",9,"Ciudad de México",14,"Benito Juárez",1,"Benito Juárez","Miguel Laurent entre Dr. Vertiz y División del Norte","Col. Santa Cruz Atoyac","03310","","","","","","",-99.15607,19.37314,0,"","http://sic.gob.mx/ficha.php?table=teatro&table_id=689","2026-05-15 10:07:39-06"
483,"Teatro 11 de Julio","1960-04-29","Sindicato de Trabajadores Mineros, Metalúrgicos y Similares de la R.M.",9,"Ciudad de México",14,"Benito Juárez",1,"Benito Juárez","Doctor Vértiz 668","Col. Narvarte","03020","55 5538 2964","http://cdmxtravel.com/es/lugares/teatro-11-de-julio.html","","","","",-99.15069,19.39661,533,"italiano","http://sic.gob.mx/ficha.php?table=teatro&table_id=483","2021-09-27 11:39:36-05"
342,"Teatro de la Comedia - Wilberto Cantón","1983-04-13","Sociedad General de Escritores de México SOGEM",9,"Ciudad de México",14,"Benito Juárez",1,"Benito Juárez","José María Velasco 59","Col. San José Insurgentes","03900","55 5660 8590","https://www.sogem.org/teatrowilbertocanton","https://www.facebook.com/pages/Teatro%20Wilberto%20Canton/440058462798614/","","","teatrodelacomedia@gmail.com; jgutierrez@sogem.org.mx",-99.18653,19.36422,370,"italiano","http://sic.gob.mx/ficha.php?table=teatro&table_id=342","2021-09-28 08:28:35-05"
424,"Teatro Polyforum","1971-12-15","Polyforum Cultural Siqueiros, A.C.",9,"Ciudad de México",14,"Benito Juárez",1,"Benito Juárez","Insurgentes Sur 701 esq. Filadelfia","Col. Nápoles","03810","55 5536 4520 ext. 102","http://cdmxtravel.com/es/lugares/polyforum-cultural-siqueiros.html","","","","dralfredosuarez@polyforumsiqueiros.com",-99.1734,19.39333,550,"arena","http://sic.gob.mx/ficha.php?table=teatro&table_id=424","2021-09-29 05:57:16-05"
521,"Nuevo Teatro  Libanés","1986-01-23","Centro Libanés, A.C.",9,"Ciudad de México",14,"Benito Juárez",1,"Benito Juárez","Barranca del Muerto esq. 2 de Abril","Col. Crédito Constructor","03940","555801 3165","https://carteleradeteatro.mx/teatro/sur/teatro-libanes/","","","","",-99.18054,19.36308,535,"italiano","http://sic.gob.mx/ficha.php?table=teatro&table_id=521","2022-07-25 06:38:29-05"
204,"Teatro Julio Prieto","1960-05-19","Instituto Mexicano del Seguro Social (IMSS)",9,"Ciudad de México",14,"Benito Juárez",1,"Benito Juárez","Av. Xola 809 esq. Nicolás San Juan","Col. Del Valle","03100","55 5639 9816","","https://www.facebook.com/TeatroXolaJulioPrieto/","","","eric.santos@imss.gob.mx",-99.16114,19.39602,501,"Italiano","http://sic.gob.mx/ficha.php?table=teatro&table_id=204","2021-09-28 09:02:17-05"
431,"Foro Cultural San Simón","1989-05-06","Alcaldía  Benito Juárez/Coordinación de Cultura/Subdirección de Derechos Culturales Recreativos y Educativos",9,"Ciudad de México",14,"Benito Juárez",1,"Benito Juárez","Parque Pascual Ortiz Rubio s/n entre Centenario y Juan Escutia","Col. San Simón Ticumác","03660","55 5609 0753","https://inba.gob.mx/recinto/485","https://www.facebook.com/ForoCulturalSanSimonABJ?mibextid=ZbWKwL","https://twitter.com/ritamobu","foro.cultural.san.simonabj y ritamobu69","foroculturalbj@gmail.com",-99.14328,19.37473,150,"italiano","http://sic.gob.mx/ficha.php?table=teatro&table_id=431","2024-06-05 10:21:41-06"
871,"Foro La Teatrería","2015-02-25","",9,"Ciudad de México",15,"Cuauhtémoc",0,"Total del Municipio","Tabasco 152","Col. Roma","","(55) 5207 3234","http://lateatreria.com","","","","shoshana@lateatreria.com",-99.15931,19.41919,100,"italiano","http://sic.gob.mx/ficha.php?table=teatro&table_id=871","2017-03-13 13:57:55-06"
288,"Teatro Ferrocarrilero Gudelio Morales","1968-12-24","Sindicato de Trabajadores Ferrocarrileros de la República Mexicana (STFRM)",9,"Ciudad de México",15,"Cuauhtémoc",1,"Cuauhtémoc","Av. Ricardo Flores Magón 206","Col. Guerrero","06300","55 5597 1055","https://historico.alcaldiacuauhtemoc.mx/nope/teatro-ferrocarrilero/","","","","",-99.1499,19.4536,1800,"italiano","http://sic.gob.mx/ficha.php?table=teatro&table_id=288","2025-03-31 12:12:18-06"
356,"Centro Cultural Teatro 2","1996-09-28","Gou Producciones",9,"Ciudad de México",15,"Cuauhtémoc",1,"Cuauhtémoc","Av. Cuauhtémoc 19","Col. Roma","06700","55 5514 1935","https://www.gouproducciones.mx/teatros-gou-producciones-cct1-cct2-aldama/","https://www.facebook.com/CentroCulturalTeatroDos/?locale=es_LA","","https://www.instagram.com/explore/locations/2203104739908822/centro-cultural-teatro-2/","",-99.15391,19.42512,1208,"italiano","http://sic.gob.mx/ficha.php?table=teatro&table_id=356","2023-12-05 11:17:43-06"
797,"Patio Central de la Casa de Cultura de Tamaulipas","1998-01-30","Patronato de la Casa de Cultura de Tamaulipas, A.C.",9,"Ciudad de México",15,"Cuauhtémoc",1,"Cuauhtémoc","Ernesto Pugibet 73","Centro","06070","55 4853 7554","","https://www.facebook.com/PatronatoCCTCDMX/","","","cctamaulipasdf@hotmail.com",-99.14788,19.43027,200,"multimodal","http://sic.gob.mx/ficha.php?table=teatro&table_id=797","2023-10-31 04:30:41-06"
1003,"Foro Sugar","2011-01-01","Centro Cultural Sylvia Pasquel",9,"Ciudad de México",15,"Cuauhtémoc",1,"Cuauhtémoc","Av. Juan Escutia 96","Col. Condesa","06140","55 5211 4941","https://forosylviapasquel.com/foro-sugar","https://www.facebook.com/foro.pasquel","foropasquel","","foropasquel@hotmail.com",-99.17655,19.41563,55,"frontal","http://sic.gob.mx/ficha.php?table=teatro&table_id=1003","2022-07-08 06:53:56-05"
380,"Foro El Círculo Teatral ","2004-04-07","El Círculo Teatral, S.C.",9,"Ciudad de México",15,"Cuauhtémoc",1,"Cuauhtémoc","Veracruz 107","Col. Condesa","06140","55 5553 1383","https://www.elcirculoteatral.com/?fbclid=IwY2xjawPUz4JleHRuA2FlbQIxMABicmlkETFBbzdDbDFYTHZ5ZEk4bXBOc3J0YwZhcHBfaWQQMjIyMDM5MTc4ODIwMDg5MgABHhFGbUfU0HiZBmoux6HFYVMR2_tOPN7x8LM0uoF5Bu-H4FMyDzD1tgmfFthn_aem_mvMFTbqZfzygTpGkdb5R7w","https://www.facebook.com/elcirculoteatral","","https://www.instagram.com/elcirculoteatral/?fbclid=IwY2xjawPUzs1leHRuA2FlbQIxMABicmlkETFBbzdDbDFYTHZ5ZEk4bXBOc3J0YwZhcHBfaWQQMjIyMDM5MTc4ODIwMDg5MgABHu4U1tp3XbH5SmPbIhGgRk137FdlWiIaS6vf1CZKmLPOcU-k-5lt8t6LgqZK_aem_SYG5fvKsO8pMQOFgOzUwlQ#","elcirculoteatralmx@gmail.com",-99.17241,19.41612,70,"","http://sic.gob.mx/ficha.php?table=teatro&table_id=380","2026-01-14 14:01:09-06"
827,"Sala de teatro Así que pasen cinco años","2013-10-24","Telemakia Teatro",9,"Ciudad de México",15,"Cuauhtémoc",1,"Cuauhtémoc","Cacahuamilpa 24","Col. Hipodroma Condesa","","55 6390 2422","http://www.facebook.com/telemakia.heleannejuancristobalcastillo","","","","heleannebs@hotmail.com",-99.16773,19.41528,17,"irregular","http://sic.gob.mx/ficha.php?table=teatro&table_id=827","2021-05-27 04:29:12-05"
452,"Teatro Ciudadela","1954-11-01","Subdirección de Acción Cultural del ISSSTE/Sindicato Nacional de los Trabajadores",9,"Ciudad de México",15,"Cuauhtémoc",1,"Cuauhtémoc","Tres Guerras 9","Centro","06040","","","","","","",-99.1509,19.43016,422,"italiano","http://sic.gob.mx/ficha.php?table=teatro&table_id=452","2025-05-27 12:54:47-06"
453,"Foro Shakespeare","1983-06-21","Centro Cultural Foro Shakespeare, A.C.",9,"Ciudad de México",15,"Cuauhtémoc",1,"Cuauhtémoc","Zamora 7 esq. Veracruz","Col. Condesa","06140","+52 55 5256 0014","http://www.foroshakespeare.com/","https://www.facebook.com/foroshakespeare","ForoShakespeare","https://www.instagram.com/foro.shakespeare/","hola@foroshakespeare.com",-99.17643,19.41978,284,"multimodal","http://sic.gob.mx/ficha.php?table=teatro&table_id=453","2025-07-29 10:33:54-06"
294,"Teatro Aldama","1984-07-17","Gou Producciones",9,"Ciudad de México",15,"Cuauhtémoc",1,"Cuauhtémoc","Rosas Moreno 71","Col. San Rafael","06470","55 5546 3740","https://carteleradeteatro.mx/teatro/centro/teatro-aldama/","https://www.facebook.com/pages/Teatro-Aldama/366475700464444?locale=es_LA","","","enrique.gomez@gouproducciones.mx",-99.16185,19.43804,849,"italiano","http://sic.gob.mx/ficha.php?table=teatro&table_id=294","2025-07-29 14:33:24-06"
401,"Teatro Profr. Ismael Rodríguez Aragón SNTSS","1990-12-31"," Unidad Cultural y Recreativa, Sindicato Nacional de Trabajadores del Seguro Social (SNTSS)",9,"Ciudad de México",15,"Cuauhtémoc",1,"Cuauhtémoc","Sonora 13","Col. Roma","06700","55 5286 10 59","http://www.sntss.org.mx","","","","gonzalezgar_1323@hotmail.com",-99.17391,19.4206,157,"italiano","http://sic.gob.mx/ficha.php?table=teatro&table_id=401","2024-07-05 11:53:26-06"
507,"Teatro Venustiano Carranza","1974-10-24","Confederación de Trabajadores de México (CTM)",9,"Ciudad de México",15,"Cuauhtémoc",1,"Cuauhtémoc","Antonio Caso 67","Col. San Rafael","06470","(55) 5546 3940","","","","","varelaproduccionesteatrales@yahoo.com.mx",-99.15876,19.43457,550,"italiano","http://sic.gob.mx/ficha.php?table=teatro&table_id=507","2026-01-06 16:32:38-06"
677,"Teatro Reforma IMSS Juan Moisés Calleja","1953-09-04","IMSS",9,"Ciudad de México",15,"Cuauhtémoc",1,"Cuauhtémoc","Av. Reforma 476 y Burdeos","Col. Juárez","06600","55 5238 2700 ext. 10010","","","","","jesus.ramirezt@imss.gob.mx",-99.17373,19.42312,0,"","http://sic.gob.mx/ficha.php?table=teatro&table_id=677","2024-05-14 15:25:22-06"
425,"Teatro Fernando Soler","1995-04-07","Producciones Mafe, S.A. de C.V.",9,"Ciudad de México",15,"Cuauhtémoc",1,"Cuauhtémoc","Velázquez de León 31","San Rafael","06470","55 5546 1431, 55 5566 4321","http://www.manolofabregas.com.mx","","","","produccfabregas@hotmail.com",-99.16559,19.44109,428,"","http://sic.gob.mx/ficha.php?table=teatro&table_id=425","2024-06-03 11:07:21-06"
872,"Teatro Lúcido","2014-01-23","",9,"Ciudad de México",15,"Cuauhtémoc",1,"Cuauhtémoc","Dr. Enrique González Martínez 234","Col. Santa María La Ribera","06400","55 7517 9508","","https://www.facebook.com/teatrolucido/?locale=es_LA","","https://www.instagram.com/teatrolucido/?hl=en"," lucidoteatrolucido@gmail.com",-99.15458,19.4523,0,"multimodal","http://sic.gob.mx/ficha.php?table=teatro&table_id=872","2024-05-17 14:03:25-06"
1033,"Nuevo Teatro Versalles","2023-02-01","",9,"Ciudad de México",15,"Cuauhtémoc",1,"Cuauhtémoc","Versalles 27, 4° piso","Col. Juárez","06600","55 5546 2975","","","","","",-99.15483,19.43134,150,"","http://sic.gob.mx/ficha.php?table=teatro&table_id=1033","2023-03-14 09:02:12-06"
262,"Teatro Félix Azuela Padilla","1974-12-01","Instituto Mexicano del Seguro Social (IMSS)",9,"Ciudad de México",15,"Cuauhtémoc",1,"Cuauhtémoc","Av. Manuel González 368","Col. Nonoalco Tlatelolco","06900","55 5597 7409","http://www.fidteatros.com.mx","","","","david.botelloc@imss.gob.mx",-99.14038,19.4545,371,"semicircular","http://sic.gob.mx/ficha.php?table=teatro&table_id=262","2024-05-24 10:04:57-06"
759,"Foro Puebla 186","1000-01-01","",9,"Ciudad de México",15,"Cuauhtémoc",1,"Cuauhtémoc","Puebla 186","Col. Roma Norte","06721","55 5511 5946","https://foropuebla.com/","https://www.facebook.com/ForoPueblaCDMX","","https://www.instagram.com/foropuebla186/","contrataciones@venues.eco; taquilla.fpuebla@venues.eco",-99.16375,19.42215,800,"","http://sic.gob.mx/ficha.php?table=teatro&table_id=759","2026-01-09 17:27:14-06"
388,"Teatro México Centro Teatral Manolo Fábregas","1995-04-06","Producciones Mafe, S.A. de C.V.",9,"Ciudad de México",15,"Cuauhtémoc",1,"Cuauhtémoc","Velázquez de León 31","Col. San Rafael","06470","(55) 5566 4321","http://www.manolofabregas.com.mx","","","","produccfabregas@hotmail.com",-99.16562,19.44082,794,"","http://sic.gob.mx/ficha.php?table=teatro&table_id=388","2018-09-26 07:55:26-05"
505,"Teatro Sala Chopin","1952-04-25","Grupo Gomo, Coorporativo de la Sala Chopin",9,"Ciudad de México",15,"Cuauhtémoc",1,"Cuauhtémoc","Álvaro Obregón 302","Col. Roma","06700","55 5211 3257","http://www.salachopin.com.mx","www.facebook.com/salachopinmexico","","www.instagram.com/salachopin/","contacto@salachopin.com",-99.16932,19.41619,285,"italiano","http://sic.gob.mx/ficha.php?table=teatro&table_id=505","2026-01-26 10:40:18-06"
399,"Teatro Fru Fru","1899-01-01","Particular",9,"Ciudad de México",15,"Cuauhtémoc",1,"Cuauhtémoc","Donceles 24","Centro","06010","(55) 4202 3788","","https://www.facebook.com/TeatroFruFruOficial/?locale=es_LA","https://x.com/TeatroFruFruOf1","https://www.instagram.com/teatrofrufruoficial/?hl=es","hugocesar_rico@hotmail.com",-99.13872,19.43675,1300,"","http://sic.gob.mx/ficha.php?table=teatro&table_id=399","2025-11-24 19:44:54-06"
435,"Teatro al Aire Libre Coronel Lindbergh","1928-06-01","Gobierno del Distrito Federal / Delegación Cuauhtémoc",9,"Ciudad de México",15,"Cuauhtémoc",1,"Cuauhtémoc","Parque México entre Michoacán y Av. México","Col. Hipódromo Condesa","06170","55 2452 3219 Servicios culturales de la Delegación Cuauhtémoc","","","","","",-99.17006,19.41163,1000,"frontal","http://sic.gob.mx/ficha.php?table=teatro&table_id=435","2026-09-01 11:15:38-06"
397,"Teatro San Rafael","1977-05-17","Producciones Mafe, S.A. de C.V.",9,"Ciudad de México",15,"Cuauhtémoc",1,"Cuauhtémoc","Virginia Fábregas 40","Col. San Rafael","06470","55 5592 2954","https://carteleradeteatro.mx/teatro/centro/teatro-san-rafael/","","","","produccfabregas@hotmail.com",-99.16585,19.44158,1372,"italiano","http://sic.gob.mx/ficha.php?table=teatro&table_id=397","2023-12-04 04:08:12-06"
270,"Teatro San Millán de Loyola","1989-06-28","Sindicato Único de Trabajadores del Gobierno del Distrito Federal Sección 21",9,"Ciudad de México",15,"Cuauhtémoc",1,"Cuauhtémoc","Lucas Alamán s/n","Col. Obrera","06800","55 5566 3233 (sindicato)","https://www.facebook.com/pages/Teatro-San-Millan/179220558833602","","","","",-99.13824,19.42108,380,"italiano","http://sic.gob.mx/ficha.php?table=teatro&table_id=270","2023-12-05 11:53:56-06"
297,"Teatro al Aire Libre Juan Ruiz de Alarcón","1980-12-01","Centro Cultural Juan Ruiz de Alarcón/Alcaldía Cuauhtémoc",9,"Ciudad de México",15,"Cuauhtémoc",1,"Cuauhtémoc","Virginia Fábregas esq. Av. Ribera de San Cosme","Col. San Rafael","06470","55 1808.2772","https://historico.alcaldiacuauhtemoc.mx/nope/centro-juan-ruiz-de-alarcon/","","","","",-99.16583,19.4424,500,"italiano","http://sic.gob.mx/ficha.php?table=teatro&table_id=297","2023-09-25 05:41:18-06"
269,"Centro Cultural El Foco (antes Foro de la Comedia)","1993-05-31","Compañía de Teatro de Árbol, A.C.",9,"Ciudad de México",15,"Cuauhtémoc",1,"Cuauhtémoc","Tlacotalpan 16","Col. Roma Sur","06700","55 5574 9011","","https://www.facebook.com/CCElFoco/?locale=es_LA","","","contactoelfoco@gmail.com",-99.16698,19.40895,81,"isabelino","http://sic.gob.mx/ficha.php?table=teatro&table_id=269","2026-01-20 14:03:35-06"
647,"Teatro El Milagro","2008-04-05","Arte El Milagro, A.C.",9,"Ciudad de México",15,"Cuauhtémoc",1,"Cuauhtémoc","Milán 24","Col. Juárez","06600","55 5535 1291","http://www.elmilagro.org.mx/","","","","difusion@elmilagro.org.mx",-99.15655,19.43042,0,"","http://sic.gob.mx/ficha.php?table=teatro&table_id=647","2021-06-08 07:57:38-05"
248,"Teatro Hidalgo Ignacio Retes","1962-05-09","Fideicomiso de administración de Teatros y salas de espectáculos del IMSS",9,"Ciudad de México",15,"Cuauhtémoc",1,"Cuauhtémoc","Av. Hidalgo 23","Col. Guerrero","06300","55 5326 5445 Ext. 27095","http://www.teatrodelanacion.com.mx","","","","roberto.guzmanre@imss.gob.mx",-99.1416,19.43681,816,"italiano","http://sic.gob.mx/ficha.php?table=teatro&table_id=248","2025-04-11 14:26:26-06"
427,"Teatro Benito Juárez","1984-01-01","Secretaría de Cultura del Gobierno de la Ciudad de México",9,"Ciudad de México",15,"Cuauhtémoc",1,"Cuauhtémoc","Villalongín 15","Col. Cuauhtémoc","06500","55 55 92 73 89","https://www.cultura.cdmx.gob.mx/recintos/tbj","","","","cst.benitojuarez@gmail.com",-99.16095,19.43199,280,"italiano","http://sic.gob.mx/ficha.php?table=teatro&table_id=427","2023-12-05 11:01:06-06"
899,"Teatro Milán","2013-03-17","Teletec",9,"Ciudad de México",15,"Cuauhtémoc",1,"Cuauhtémoc","Lucerna 64","Col. Juárez","06600","55 5535 4178","http://www.teatromilan.com/","https://www.facebook.com/TeatroMilanForoLucerna","teatro_milan","@teatromilan_forolucerna","info@teatromilanforolucerna.com",-99.15676,19.42996,260,"Italiano","http://sic.gob.mx/ficha.php?table=teatro&table_id=899","2024-10-18 12:14:41-06"
777,"Foro Polivalente Antonieta Rivas Mercado","2013-08-28","Secretaría de Cultura Federal/Biblioteca de México",9,"Ciudad de México",15,"Cuauhtémoc",1,"Cuauhtémoc","Plaza de la Ciudadela 4","Centro","06040","(55) 4155 0830 ext. 3856","https://www.bibliotecademexico.gob.mx/info_detalle_mx.php?id=90&area=SC","https://www.facebook.com/pages/Foro-Polivalente-Antonieta-Rivas-Mercado/273065132901897?fref=ts","","","",-99.14997,19.42916,172,"multimodal","http://sic.gob.mx/ficha.php?table=teatro&table_id=777","2021-11-11 11:37:29-06"
255,"Teatro Auditorio Congreso del Trabajo","1976-09-01","Congreso del Trabajo",9,"Ciudad de México",15,"Cuauhtémoc",1,"Cuauhtémoc","Av. Ricardo Flores Magón 44,  piso 7","Col. Guerrero","06300","55 5583 7787","","https://www.facebook.com/profile.php?id=220352387998155&paipv=0&eav=AfZqDMo3-x0GvOXYy5mgfb5QWI7D-wpDRNgWArsCILCFZMFmnGyFASGTRgfYwDHQLfE&_rdr","","","oficialmayor@eninfinitum.com",-99.14269,19.45134,710,"Italiano","http://sic.gob.mx/ficha.php?table=teatro&table_id=255","2023-10-11 04:54:59-06"
459,"Teatro Metropólitan","1943-09-08","Operadora de Centros de Espectáculos, S.A.",9,"Ciudad de México",15,"Cuauhtémoc",1,"Cuauhtémoc","Independencia 90","Centro","06050","(55) 5510 1045 ext. 2100","https://www.teatrometropolitan.mx/","https://www.facebook.com/TeatroMetropolitan/?locale=es_LA","@TMetropolitanMx","","sbautista@ocesa.com.mx",-99.14693,19.4335,3165,"italiano","http://sic.gob.mx/ficha.php?table=teatro&table_id=459","2026-01-22 19:49:24-06"
312,"Teatro FSTSE","2000-10-23","Federación de Sindicatos de Trabajadores al Servicio del Estado",9,"Ciudad de México",15,"Cuauhtémoc",1,"Cuauhtémoc","Ezequiel Montes 92","Col. Tabacalera","06030","(55) 5128 1600","","","","","rocambra@gmail.com",-99.15648,19.43449,573,"italiano","http://sic.gob.mx/ficha.php?table=teatro&table_id=312","2026-02-17 17:58:38-06"
463,"Teatro Lotería Nacional","1974-06-01","Lotería Nacional para la Asistencia Pública",9,"Ciudad de México",15,"Cuauhtémoc",1,"Cuauhtémoc","Av. Hidalgo 130","Col. Tabacalera","06030","55 5140 7000 exts. 3605, 3140, 3141","http://www.lotenal.gob.mx","https://www.facebook.com/LoteriaNacional.Mx/?locale=es_LA","https://x.com/LN_electronicos","https://www.instagram.com/loterianacional_mx/","correo@lotenal.gob.mx",-99.14854,19.43751,214,"italiano","http://sic.gob.mx/ficha.php?table=teatro&table_id=463","2026-02-20 11:39:13-06"
438,"Centro Cultural de las Artes Escénicas Ernesto Gómez Cruz","1996-10-12","Alcaldía Cuauhtémoc/Centro Social y Deportivo Club Antonio Caso",9,"Ciudad de México",15,"Cuauhtémoc",1,"Cuauhtémoc","Av. Paseo de la Reforma Norte 668, 3ra sección","Col. Tlatelolco","06900","55 4335 8006 ext. 109","https://www.facebook.com/pages/Centro-Cultural-de-las-Artes-Esc%C3%A9nicas-Ernesto-G%C3%B3mez-Cruz/293696827331257","","","","centroculturalernestogomezcruz@yahoo.com.mx",-99.13492,19.44915,425,"italiano","http://sic.gob.mx/ficha.php?table=teatro&table_id=438","2023-02-24 07:13:54-06"
768,"Foro Lenin","1985-01-01","Centro Mexicano de Estudios Culturales y Sociales, A.C.",9,"Ciudad de México",15,"Cuauhtémoc",1,"Cuauhtémoc","Mérida 98 esq. Tabasco","Col. Roma","06700","55 5511 1027, 5514 7865","https://forolenin.com/el-foro/","https://www.facebook.com/Forolenin/","","forolenin","forolenin@gmail.com; info@forolenin.gom",-99.15719,19.41958,220,"","http://sic.gob.mx/ficha.php?table=teatro&table_id=768","2024-12-02 13:30:33-06"
475,"Sala Moliere (En remodelación)","1949-01-01","Instituto Francés de América Latina (IFAL)",9,"Ciudad de México",15,"Cuauhtémoc",1,"Cuauhtémoc","Río Nazas 43","Col. Cuauhtémoc","06500","55 5566 0777 al 80","https://ifal.mx/lecinema/cartelera","https://www.facebook.com/lecinemaifal","","","informes@ifal.mx;  lecinema@ifal.mx",-99.20132,19.43682,236,"","http://sic.gob.mx/ficha.php?table=teatro&table_id=475","2025-06-18 11:37:13-06"
394,"Teatro Virginia Fábregas","1990-03-01","Producciones Mafe, S.A. de C.V.",9,"Ciudad de México",15,"Cuauhtémoc",1,"Cuauhtémoc","Joaquín Velázquez de León 29","Col. San Rafael","06470","55 5535 5424","","https://www.facebook.com/CCVFOficial/?locale=es_LA","","","direccionccvf@gmail.com",-99.16611,19.44153,180,"italiano","http://sic.gob.mx/ficha.php?table=teatro&table_id=394","2026-01-26 13:50:24-06"
883,"Centro Cultural de las Artes Escénicas Teatro María Rojo","1964-11-21","Secretaría de Cultura del Gobierno Federal",9,"Ciudad de México",15,"Cuauhtémoc",1,"Cuauhtémoc","Manuel González 2a. Secc. atrás del metro Tlatelolco","Unidad Habitacional Nonoalco Tlatelolco","06900","(55) 4335 8095","https://www.facebook.com/Centro-Cultural-de-las-Artes-Esc%C3%A9nicas-Teatro-Mar%C3%ADa-Rojo-384096345041303/photos","","","","barbaracardonamatias@hotmail.com",-99.14277,19.45512,0,"","http://sic.gob.mx/ficha.php?table=teatro&table_id=883","2017-02-27 12:57:49-06"
518,"Teatro Silvia Pinal","1991-05-02","Particular",9,"Ciudad de México",15,"Cuauhtémoc",1,"Cuauhtémoc","Versalles 27","Col. Juárez","06600","55 5546 2975","","","","","",-99.15472,19.43117,660,"italiano","http://sic.gob.mx/ficha.php?table=teatro&table_id=518","2023-03-14 08:27:19-06"
987,"Foro La Nabe","2016-01-01","",9,"Ciudad de México",15,"Cuauhtémoc",1,"Cuauhtémoc","Linares 26","Col. Roma Sur","06760","55 2322 9306","https://forolanabe.com/","https://www.facebook.com/forolanabe/","ForolaNabe","","forolanabe@hotmail.com",-99.15167,19.44165,0,"","http://sic.gob.mx/ficha.php?table=teatro&table_id=987","2020-05-20 16:00:05-05"
832,"Centro Cultural Teatro 1","1995-10-30","Gou Producciones",9,"Ciudad de México",15,"Cuauhtémoc",1,"Cuauhtémoc","Av. Cuauhtémoc 19","Col. Roma","06700","55 4000 5631","https://www.gouproducciones.mx/teatros-gou-producciones-cct1-cct2-aldama/","https://www.facebook.com/centroculturalteatro1?locale=es_LA","gouproducciones","https://www.instagram.com/centroculturalteatro1/","",-99.15389,19.42472,2197,"Italiano","http://sic.gob.mx/ficha.php?table=teatro&table_id=832","2025-12-04 10:57:00-06"
841,"Bajo Circuito Multiforo Urbano","2014-10-01","Grupo Litoral",9,"Ciudad de México",15,"Cuauhtémoc",1,"Cuauhtémoc","Bajo Puente de Circuito Interior s/n esq. Juan Escutia","Col. Condesa","06140","55 5211 7631","","https://www.facebook.com/pages/Bajo-Circuito/346862878812488?sk=timeline","","https://www.instagram.com/bajocircuito/?hl=es","infobc@arterial.mx; soporte@passline.mx",-99.17941,19.41623,250,"multimodal","http://sic.gob.mx/ficha.php?table=teatro&table_id=841","2026-06-10 12:24:56-06"
748,"Espacio Universitario de Cultura Off Spring","2012-08-27","",9,"Ciudad de México",15,"Cuauhtémoc",1,"Cuauhtémoc","Francisco Pimentel 14 (entre José Rosas Moreno e Ignacio Altamirano)","Col. San Rafael","06470","(55) 5592 0619","","","","","foroffspring@hotmail.com",-99.162,19.43861,300,"","http://sic.gob.mx/ficha.php?table=teatro&table_id=748","2018-08-23 05:25:00-05"
770,"Foro del Tejedor","1991-01-01","Cafebrería el Péndulo S.A. de C.V. ",9,"Ciudad de México",15,"Cuauhtémoc",1,"Cuauhtémoc","Alvaro Obregon 86, piso 3 (entre Orizaba y Córdova)","Col. Roma","06700","55 5574 7034","http://forodeltejedor.com","","","","esteban@pendulo.com; xana@pendulo.com",-99.15915,19.41863,114,"","http://sic.gob.mx/ficha.php?table=teatro&table_id=770","2025-06-09 16:59:52-06"
249,"Teatro Isabela Corona","1962-02-15","Instituto Mexicano del Seguro Social (IMSS)",9,"Ciudad de México",15,"Cuauhtémoc",1,"Cuauhtémoc","Eje Central Lázaro Cárdenas 445","Col. Unidad Nonoalco-Tlatelolco","06900","(55) 5782 1646","https://carteleradeteatro.mx/teatro/centro/teatro-isabela-corona/","","","","chavalone_62@hotmail.com",-99.13767,19.45259,482,"Italiano","http://sic.gob.mx/ficha.php?table=teatro&table_id=249","2026-02-16 16:30:42-06"
421,"Teatro Casa de la Paz ","1965-03-24","UAM/Coordinación General de Difusión",9,"Ciudad de México",15,"Cuauhtémoc",1,"Cuauhtémoc","Cozumel 33","Col. Roma Nte.","06700","55 5286 5315","https://teatrocasadelapaz.uam.mx/","https://www.facebook.com/teatrocasadelapaz/","","https://www.instagram.com/teatrocasadelapaz/","tdelapaz@correo.uam.mx",-99.17124,19.41961,164,"italiano","http://sic.gob.mx/ficha.php?table=teatro&table_id=421","2026-02-23 14:29:13-06"
683,"Foro A Poco No. Teatro Cabaret","2009-11-11","Secretaría de Cultura de la Ciudad de México/Coordinación del Sistema de Teatros",9,"Ciudad de México",15,"Cuauhtémoc",1,"Cuauhtémoc","República de Cuba 49 esq. República de Chile y Allende","Centro Histórico","06010","55 5130 5740 ext. 2018","http://teatros.cultura.cdmx.gob.mx/foro/foro-poco-no?fbclid=IwY2xjawL_TXdleHRuA2FlbQIxMABicmlkETFRaFpRUDhJTnJrNHZrTHhZAR74BsNCf2-L59FCzZ5k6VdvL1DxvPpntDvm2j2nrX071ac-uTFRczTEvFcsmg_aem_5fVRfd7xXOFOCNOGdnI_yg","https://www.facebook.com/foro.apocono?fref=ts","","","cst.foroapocono@gmail.com",-99.13729,19.43708,60,"italiano","http://sic.gob.mx/ficha.php?table=teatro&table_id=683","2025-08-05 14:50:21-06"
473,"Teatro Jorge Negrete","1957-12-05","Asociación Nacional de Actores (ANDA)",9,"Ciudad de México",15,"Cuauhtémoc",1,"Cuauhtémoc","Manuel Ignacio Altamirano 128","Col. San Rafael","06470","55 5535 2246","","https://www.facebook.com/pages/Teatro%20Jorge%20Negrete%20M%C3%A9xico%20DF/140629062660175/?locale=es_LA","","","jorgenegreteteatro@hotmail.com",-99.1634,19.43493,602,"italiano","http://sic.gob.mx/ficha.php?table=teatro&table_id=473","2023-12-05 10:04:46-06"
929,"Un Teatro","2013-04-30","Realzando Ideas, A.C.",9,"Ciudad de México",15,"Cuauhtémoc",1,"Cuauhtémoc","Av. Nuevo León 46","Col. Hipodromo Condesa","06170","55 6449 7866","http://www.unteatro.org/","https://www.facebook.com/unteatro","","","unteatrodifusion@gmail.com",-99.17108,19.4139,75,"Italiano","http://sic.gob.mx/ficha.php?table=teatro&table_id=929","2026-01-14 14:21:31-06"
900,"Foro Lucerna","2013-03-17","",9,"Ciudad de México",15,"Cuauhtémoc",1,"Cuauhtémoc","Lucerna 64","Col. Juárez","06600","55 5535 4178","www.teatromilan.com","facebook.com/TeatroMilanForoLucerna","@ForoLucerna","@teatromilan_forolucerna","info@teatromilanforolucerna.com",-99.15672,19.42996,90,"Italiano","http://sic.gob.mx/ficha.php?table=teatro&table_id=900","2024-10-18 12:28:57-06"
1002,"Teatro Varsovia","2022-03-03","",9,"Ciudad de México",15,"Cuauhtémoc",1,"Cuauhtémoc","Varsovia 9","Col. Juárez ","06600","55 4894 9259","","https://www.facebook.com/teatrovarsovia","teatrovarsovia","","teatrovarsovia@gmail.com",-99.16891,19.42565,180,"italiano","http://sic.gob.mx/ficha.php?table=teatro&table_id=1002","2022-03-04 08:28:21-06"
476,"Anfiteatro Simón Bolívar","1910-09-22","UNAM/Antiguo Colegio de San Ildefonso",9,"Ciudad de México",15,"Cuauhtémoc",1,"Cuauhtémoc","Justo Sierra 16 ","Centro","06000","55 5702 4221","https://culturaunam.mx/vertice/index.php/venue/anfiteatro-simon-bolivar/","","","","anfi@servidorunam.com; anfi@unam.mx",-99.13101,19.4358,457,"italiano","http://sic.gob.mx/ficha.php?table=teatro&table_id=476","2025-05-14 13:31:16-06"
396,"Teatro del Palacio de Bellas Artes","1934-09-29","Secretaría de Cultura/INBA",9,"Ciudad de México",15,"Cuauhtémoc",1,"Cuauhtémoc","Av. Juárez 1","Centro","06050","55 8647 6500 exts. 2152, 2153, 2154","http://www.palacio.bellasartes.gob.mx/","","","","gpba.palaciodebellasartes@inba.gob.mx; gerenciapba@inba.gob.mx",-99.14123,19.43566,1590,"Italiano","http://sic.gob.mx/ficha.php?table=teatro&table_id=396","2025-06-06 13:46:45-06"
813,"Foro Claudia","2011-01-01","Centro Cultural Sylvia Pasquel",9,"Ciudad de México",15,"Cuauhtémoc",1,"Cuauhtémoc","Av. Juan Escutia 96","Col. Condesa","06140","(55) 5211 4941","https://forosylviapasquel.com/foro-claudia","https://www.facebook.com/foro.pasquel","foropasquel","","foropasquel@hotmail.com; marisol@centroculturalsylviapasquel.com",-99.17655,19.41563,55,"","http://sic.gob.mx/ficha.php?table=teatro&table_id=813","2022-07-08 06:48:27-05"
837,"Foro Indie Rocks","1000-01-01","Grupo Indie Rocks",9,"Ciudad de México",15,"Cuauhtémoc",1,"Cuauhtémoc","Zacatecas 39","Col. Roma Nte.","06700","55 6394 7745","https://www.indierocks.mx/","https://www.facebook.com/foroindierocks/timeline","indierocks","https://www.instagram.com/indierocksmagazine","",-99.15617,19.41665,1500,"italiano","http://sic.gob.mx/ficha.php?table=teatro&table_id=837","2023-09-27 11:19:55-06"
902,"Sensorama","2013-01-01","",9,"Ciudad de México",15,"Cuauhtémoc",1,"Cuauhtémoc","Zacatecas 155","Col. Roma Norte","06700","55 1998 2586","http://www.sensorama.mx/","https://www.facebook.com/sensorama.mx/","","","delfinsensorama@gmail.com; preventa.sensorama@gmail.com",-99.16448,19.41324,0,"","http://sic.gob.mx/ficha.php?table=teatro&table_id=902","2020-05-25 15:59:39-05"
428,"Teatro Sergio Magaña","1991-07-26","Secretaría de Cultura de la Ciudad de México",9,"Ciudad de México",15,"Cuauhtémoc",1,"Cuauhtémoc","Sor Juana Inés de la Cruz 114","Col. Santa María la Ribera","06400","(55) 5547 0931","http://teatros.cultura.cdmx.gob.mx/foro/teatro-sergio-maga%C3%B1a","https://www.facebook.com/TeatroSergioMagana/","","","teatrosergiomagana@df.gob.mx",-99.16068,19.44529,321,"italiano","http://sic.gob.mx/ficha.php?table=teatro&table_id=428","2019-10-25 07:11:49-05"
420,"Teatro de la Ciudad Esperanza Iris","1918-05-25","Secretaría de Cultura del Gobierno de la Ciudad de México",9,"Ciudad de México",15,"Cuauhtémoc",1,"Cuauhtémoc","Donceles 36","Centro","06010","55 1719 3000 ext. 2006","http://teatros.cultura.cdmx.gob.mx/foro/teatro-de-la-ciudad-esperanza-iris","https://www.facebook.com/TeatroDeLaCdEsperanzaIris"," ","","teatros.esperanzairis@gmail.com",-99.13725,19.43669,1326,"italiano","http://sic.gob.mx/ficha.php?table=teatro&table_id=420","2026-04-07 14:04:08-06"
812,"Foro Nahui Olin","2011-01-01","Centro Cultural Sylvia Pasquel",9,"Ciudad de México",15,"Cuauhtémoc",1,"Cuauhtémoc","Av. Juan Escutia 96","Col. Condesa","06140","55 5211 4941","http://www.centroculturalsylviapasquel.com/NAHUI.html","https://www.facebook.com/foro.pasquel","foropasquel","","foropasquel@hotmail.com; marisol@centroculturalsylviapasquel.com",-99.17655,19.41563,140,"","http://sic.gob.mx/ficha.php?table=teatro&table_id=812","2022-07-08 06:45:53-05"
282,"Foro del Centro Cultural Roldán Sandoval","1997-01-13","Centro Cultural Roldán Sandoval S.C.",9,"Ciudad de México",16,"Miguel Hidalgo",1,"Miguel Hidalgo","José Martí 280","Col. Escandón","11800","(55) 5273 7631","http://www.fredroldan.com","https://www.facebook.com/Centroculturalroldansandoval","","","fredroldanactor@gmail.com",-99.17165,19.40025,100,"isabelino","http://sic.gob.mx/ficha.php?table=teatro&table_id=282","2025-07-07 19:19:45-06"
449,"Teatro Julio Castillo","1957-05-03","Secretaría de Cultura/INBA/Centro Cultural del Bosque",9,"Ciudad de México",16,"Miguel Hidalgo",1,"Miguel Hidalgo","Campo Marte s/n esq. Paseo de la Reforma","Col. Chapultepec Polanco","11560","55 52 83 46 00 exts. 4420, 4423","","","","","",-99.19504,19.42355,1000,"italiano","http://sic.gob.mx/ficha.php?table=teatro&table_id=449","2023-12-05 12:40:23-06"
36,"Teatro Ofelia","1996-10-24","",9,"Ciudad de México",16,"Miguel Hidalgo",1,"Miguel Hidalgo","Eje 3 Poniente Thiers 287","Col. Anzures","11590","55 4140 5685","https://teatroofelia.com/","https://www.facebook.com/teatrofelia","teatroofelia","https://www.instagram.com/teatroofelia/?hl=es","contact@teatroofelia.com",-99.18276,19.43712,325,"italiano","http://sic.gob.mx/ficha.php?table=teatro&table_id=36","2023-12-05 12:05:16-06"
727,"Foro Cultural Chapultepec","2012-01-01","Centro Deportivo Chapultepec, A.C.",9,"Ciudad de México",16,"Miguel Hidalgo",1,"Miguel Hidalgo","Mariano Escobedo 665","Col. Anzures","11590","55 5254 3232 ext. 1057","https://deportivochapultepec.com/instalaciones-socioculturales/","https://es-es.facebook.com/foroculturalchapultepec/","","https://www.instagram.com/foroculturalchapultepec/","sugerencias@cdch.com.mx",-99.17918,19.42567,650,"","http://sic.gob.mx/ficha.php?table=teatro&table_id=727","2025-07-17 11:32:00-06"
838,"Gran Teatro Moliere","2014-11-04","Clandestino Club. Destino Entertainment",9,"Ciudad de México",16,"Miguel Hidalgo",1,"Miguel Hidalgo","Av. Moliere 328 esq. Homero y Ejército Nacional","Col. Polanco","11560","55 9688 6806","https://carteleradeteatro.mx/teatro/poniente/foro-polanco/","https://www.facebook.com/carteleradeteatrocdmx/","","","informacion@destinoent.com",-99.20137,19.43669,1500,"multimodal","http://sic.gob.mx/ficha.php?table=teatro&table_id=838","2023-11-17 07:32:27-06"
657,"Foro al Aire Libre 1","2007-10-01","UNAM/Casa del Lago Juan José Arreola",9,"Ciudad de México",16,"Miguel Hidalgo",1,"Miguel Hidalgo","Bosque de Chapultepec, 1a. Sección","Chapultepec Polanco","11850","55 5211 1099","","https://www.facebook.com/profile.php?id=100064667050546&locale=es_ES#","","","apgrobet@casadellago.unam.mx ",-99.18662,19.42204,0,"","http://sic.gob.mx/ficha.php?table=teatro&table_id=657","2026-05-08 11:02:49-06"
497,"Teatro de la Danza Guillermina Bravo","1969-09-19","Secretaría de Cultura Federal/INBA/Centro Cultural del Bosque",9,"Ciudad de México",16,"Miguel Hidalgo",1,"Miguel Hidalgo","Reforma y Campo Marte s/n","Col. Chapultepec Polanco","11100","55 1000 5600","https://inba.gob.mx/recinto/109","https://www.facebook.com/danzaINBAL/?locale=es_LA","","","coordinacion.danza@inba.gob.mx",-99.19497,19.42346,340,"italiano","http://sic.gob.mx/ficha.php?table=teatro&table_id=497","2026-05-14 18:07:26-06"
455,"Teatro Rosario Castellanos","1959-05-18","UNAM/Casa del Lago Juan José Arreola",9,"Ciudad de México",16,"Miguel Hidalgo",1,"Miguel Hidalgo","Bosque de Chapultepec, 1a. Sección s/n","Col. San Miguel Chapultepec","11850","55 5211 6086","http://www.casadellago.unam.mx","","","","contacto@casadellago.unam.mx",-99.18582,19.42238,90,"italiano","http://sic.gob.mx/ficha.php?table=teatro&table_id=455","2025-07-03 12:35:17-06"
826,"Plaza al aire libre Ángel Salas ","1969-01-01","Secretaría de Cultura Federal/INBA/Centro Cultural del Bosque",9,"Ciudad de México",16,"Miguel Hidalgo",1,"Miguel Hidalgo","Campo Marte s/n esq. Paseo de la Reforma","Col. Chapultepec Polanco","11560","(55) 5283 4600 ext. 4408","http://www.ccb.bellasartes.gob.mx/recintos/angelsalas","","","","cnd.gentededanza@inba.gob.mx; ccb@inba.gob.mx .",-99.19446,19.42343,200,"","http://sic.gob.mx/ficha.php?table=teatro&table_id=826","2026-01-07 19:55:25-06"
198,"Teatro Legaria","1960-07-01","IMSS",9,"Ciudad de México",16,"Miguel Hidalgo",1,"Miguel Hidalgo","Calz. Legaria s/n esq. Lago Gran Oso","Col. Pensil","11430","55 5527 1920","http://www.imss.gob.mx","","","","chavalote@hotmail.com",-99.19865,19.4527,293,"Italiano","http://sic.gob.mx/ficha.php?table=teatro&table_id=198","2021-09-01 10:14:57-05"
1038,"Jardín y Pabellón Escénico","2024-02-29","Secretaría de Cultura /INBAL",9,"Ciudad de México",16,"Miguel Hidalgo",1,"Miguel Hidalgo","Auditorio Nacional, Bosque de Chapultepec I Secc","","11580 ","","https://inba.gob.mx/prensa/19554/el-jardin-escenico-nuevo-espacio-para-las-artes-y-la-experimentacion-artistica-en-dialogo-con-la-naturaleza","","","","",-99.19388,19.42457,400,"","http://sic.gob.mx/ficha.php?table=teatro&table_id=1038","2024-02-29 14:10:39-06"
786,"Teatro Telcel","2013-10-17","Grupo CARSO/OCESA",9,"Ciudad de México",16,"Miguel Hidalgo",1,"Miguel Hidalgo","Lago Zurich 245","Col.  Ampl. Granada ","11529 ","55 5207 1498","http://wickedelmusical.com.mx/","","","","promociones@mejorteatro.com.mx",-99.20388,19.44089,1380,"italiano","http://sic.gob.mx/ficha.php?table=teatro&table_id=786","2021-09-07 07:59:33-05"
450,"Sala Xavier Villaurrutia","1957-08-23","Secretaría de Cultura Federal/INBA/Centro Cultural del Bosque",9,"Ciudad de México",16,"Miguel Hidalgo",1,"Miguel Hidalgo","Campo Marte s/n esq. Paseo de la Reforma","Col. Chapultepec Polanco","11560","55 52 83 46 00 exts. 4420, 4423","http://www.teatro.bellasartes.gob.mx","","","","",-99.195,19.42351,109,"italiano","http://sic.gob.mx/ficha.php?table=teatro&table_id=450","2023-12-05 12:36:40-06"
443,"Teatro El Granero Xavier Rojas","1956-09-04","Secretaría de Cultura/INBA/Centro Cultural del Bosque",9,"Ciudad de México",16,"Miguel Hidalgo",1,"Miguel Hidalgo","Campo Marte s/n esq. Paseo de la Reforma","Col. Chapultepec Polanco ","11560","55 5280 8771 ext. 411","https://inba.gob.mx/recinto/111","","","","inbaspt@yahoo.com",-99.19458,19.42369,203,"arena","http://sic.gob.mx/ficha.php?table=teatro&table_id=443","2024-07-18 10:23:56-06"
451,"Teatro Orientación","1957-08-01","Secretaría de Cultura/INBA/Centro Cultural del Bosque",9,"Ciudad de México",16,"Miguel Hidalgo",1,"Miguel Hidalgo","Campo Marte s/n esq. Paseo de la Reforma","Col. Chapultepec Polanco","11560","(55) 5280 8771 ext. 502","http://www.teatro.bellasartes.gob.mx/index.php?option=com_content&view=article&id=249&Itemid=130 http://ftor-inbaspt.blogspot.mx/","","","","ccbgerencia@hotmail.com",-99.19506,19.42336,351,"italiano","http://sic.gob.mx/ficha.php?table=teatro&table_id=451","2022-07-22 12:28:03-05"
447,"Teatro el Galeón,  Abraham Oceransky","1972-11-20","Secretaría de Cultura Federal/INBA/Centro Cultural del Bosque",9,"Ciudad de México",16,"Miguel Hidalgo",1,"Miguel Hidalgo","Campo Marte s/n esq. Paseo de la Reforma","Col. Chapultepec Polanco","11560","55 5280 2738","https://inba.gob.mx/recinto/110","https://carteleradeteatro.mx/teatro/poniente/teatro-el-galeon/","","","gentedeteatro@inba.gob.mx",-99.19493,19.42396,350,"multimodal","http://sic.gob.mx/ficha.php?table=teatro&table_id=447","2025-07-07 11:50:49-06"
825,"Sala CCB","1996-01-01","Secretaría de Cultura/INBA/Centro Cultural del Bosque",9,"Ciudad de México",16,"Miguel Hidalgo",1,"Miguel Hidalgo","Campo Marte s/n esq. Paseo de la Reforma","Col. Chapultepec Polanco","11560","(55) 1000 5600 ext. 4636         ","https://inba.gob.mx/recinto/68","https://www.facebook.com/CCB.INBA/?locale=es_LA","","","ccb@inba.gob.mx",-99.19503,19.42352,110,"","http://sic.gob.mx/ficha.php?table=teatro&table_id=825","2026-02-13 17:10:25-06"
903,"Teatro del Seminario de Cultura Mexicana","2016-10-11","Seminario de Cultura Mexicana",9,"Ciudad de México",16,"Miguel Hidalgo",1,"Miguel Hidalgo","Presidente Masaryk 526","Col. Polanco","11560","55 5281 6661","https://seminariodeculturamexicana.com/","https://www.facebook.com/seminariodeculturamx/","seminariocultmx","https://www.instagram.com/seminariodeculturamx","contacto@culturamexicana.org.mx",-99.20496,19.43223,124,"italiano","http://sic.gob.mx/ficha.php?table=teatro&table_id=903","2023-12-05 12:21:53-06"
519,"Teatro al Aire Libre Ángela Peralta","1939-06-11","Delegación Miguel Hidalgo",9,"Ciudad de México",16,"Miguel Hidalgo",1,"Miguel Hidalgo","Aristóteles s/n ","Col. Polanco","11560","55 5276 7700","","","","","",-99.19424,19.42909,2500,"italiano","http://sic.gob.mx/ficha.php?table=teatro&table_id=519","2021-01-25 08:42:58-06"
441,"Teatro Carlos Pellicer","1969-09-04","Gobierno del Distrito Federal/Delegación Venustiano Carranza/Deportivo José María Pino Suárez",9,"Ciudad de México",17,"Venustiano Carranza",1,"Venustiano Carranza","Calz. de la Viga  s/n esq. Guillermo Prieto","Col. Jamaica","15800","55 5740 1627","https://inba.gob.mx/recinto/612","","","","",-99.12607,19.40693,200,"italiano","http://sic.gob.mx/ficha.php?table=teatro&table_id=441","2026-02-27 11:09:46-06"
434,"Poliforum Cultural de la Colonia Federal","1977-02-27","Delegación Venustiano Carranza, Gobierno del Distrito Federal",9,"Ciudad de México",17,"Venustiano Carranza",1,"Venustiano Carranza","Plaza del Ejecutivo s/n entre Comisión Nacional Agraria y Comunicaciones","Col. Federal","15700","55 5762 2584","https://www.facebook.com/p/Poliforum-Cultural-de-la-colonia-Federal-100080329999519/","","","","polif-cult-colfed@hotmail.es",-99.08826,19.41995,600,"circular","http://sic.gob.mx/ficha.php?table=teatro&table_id=434","2025-05-27 11:25:56-06"
480,"Foro del Centro de Arte y Cultura Circo Volador (Ex-Cine Francisco Villa)","1998-07-15","Centro de Arte y Cultura Circo Volador, A.C.",9,"Ciudad de México",17,"Venustiano Carranza",1,"Venustiano Carranza","Calz. de la Viga 146","Col. Jamaica","15800","55 5740 3485","http://www.circovolador.org","","","","circovolador@circovolador.org; genarodelgado@gmail.com",-99.12578,19.4061,1800,"italiano","http://sic.gob.mx/ficha.php?table=teatro&table_id=480","2022-12-30 08:44:21-06"
