tipo_cultural,adscripcion,registros,tipo_gestion,criterio_clasificacion,revision_manual,motivo_revision,fuente_revision,nota_revision
CENTRO_CULTURAL,Alcaldía  Benito Juárez/Coordinación de Cultura/Subdirección de Derechos Culturales Recreativos y Educativos,5,PUBLICO,EVIDENCIA_INSTITUCIONAL_PUBLICA,NO,,,
CENTRO_CULTURAL,Alcaldía Azcapotzalco,3,PUBLICO,EVIDENCIA_INSTITUCIONAL_PUBLICA,NO,,,
CENTRO_CULTURAL,Alcaldía Benito Juárez,8,PUBLICO,EVIDENCIA_INSTITUCIONAL_PUBLICA,NO,,,
CENTRO_CULTURAL,Alcaldía Benito Juárez/Coordinación de Cultura/Subdirección de Derechos Culturales Recreativos y Educativos,1,PUBLICO,EVIDENCIA_INSTITUCIONAL_PUBLICA,NO,,,
CENTRO_CULTURAL,Alcaldía Coyoacán,4,PUBLICO,EVIDENCIA_INSTITUCIONAL_PUBLICA,NO,,,
CENTRO_CULTURAL,Alcaldía Coyoacán/Dirección General de Cultura,2,PUBLICO,EVIDENCIA_INSTITUCIONAL_PUBLICA,NO,,,
CENTRO_CULTURAL,Alcaldía Cuajimalpa,2,PUBLICO,EVIDENCIA_INSTITUCIONAL_PUBLICA,NO,,,
CENTRO_CULTURAL,Alcaldía Cuajimalpa de Morelos,1,PUBLICO,EVIDENCIA_INSTITUCIONAL_PUBLICA,NO,,,
CENTRO_CULTURAL,Alcaldía Cuauhtémoc,1,PUBLICO,EVIDENCIA_INSTITUCIONAL_PUBLICA,NO,,,
CENTRO_CULTURAL,"Alcaldía Cuauhtémoc/Dirección General de Derechos Culturales, Recreativos y Educativos",1,PUBLICO,EVIDENCIA_INSTITUCIONAL_PUBLICA,NO,,,
CENTRO_CULTURAL,Alcaldía Cuauhtémoc/JUD de Espacios Culturales y Bibliotecas,1,PUBLICO,EVIDENCIA_INSTITUCIONAL_PUBLICA,NO,,,
CENTRO_CULTURAL,Alcaldía Cuauhtémoc/Subdirección de Artes y Oficios,5,PUBLICO,EVIDENCIA_INSTITUCIONAL_PUBLICA,NO,,,
CENTRO_CULTURAL,Alcaldía Guatavo A. Madero,1,PUBLICO,EVIDENCIA_INSTITUCIONAL_PUBLICA,NO,,,
CENTRO_CULTURAL,Alcaldía Gustavo A. Madero,7,PUBLICO,EVIDENCIA_INSTITUCIONAL_PUBLICA,NO,,,
CENTRO_CULTURAL,"Alcaldía Gustavo A. Madero/Dirección Ejecutiva de Cultura, Recreación y Deporte",2,PUBLICO,EVIDENCIA_INSTITUCIONAL_PUBLICA,NO,,,
CENTRO_CULTURAL,Alcaldía Gustavo A. Madero/Dirección de Cultura y Deportes,3,PUBLICO,EVIDENCIA_INSTITUCIONAL_PUBLICA,NO,,,
CENTRO_CULTURAL,Alcaldía Gustavo A. Madero/Dirección de Cultura y Recreación,1,PUBLICO,EVIDENCIA_INSTITUCIONAL_PUBLICA,NO,,,
CENTRO_CULTURAL,Alcaldía Iztacalco,10,PUBLICO,EVIDENCIA_INSTITUCIONAL_PUBLICA,NO,,,
CENTRO_CULTURAL,Alcaldía Iztapalapa,27,PUBLICO,EVIDENCIA_INSTITUCIONAL_PUBLICA,NO,,,
CENTRO_CULTURAL,Alcaldía Iztapalapa y Comité Vecinal,1,PUBLICO,EVIDENCIA_INSTITUCIONAL_PUBLICA,NO,,,
CENTRO_CULTURAL,Alcaldía La Magdalena Contreras,1,PUBLICO,EVIDENCIA_INSTITUCIONAL_PUBLICA,NO,,,
CENTRO_CULTURAL,Alcaldía La Magdalena Contreras/JUD Patrimonio y Recintos Culturales,1,PUBLICO,EVIDENCIA_INSTITUCIONAL_PUBLICA,NO,,,
CENTRO_CULTURAL,Alcaldía La Magdalena Contreras/JUD Recintos Culturales,1,PUBLICO,EVIDENCIA_INSTITUCIONAL_PUBLICA,NO,,,
CENTRO_CULTURAL,Alcaldía Miguel Hidalgo,1,PUBLICO,EVIDENCIA_INSTITUCIONAL_PUBLICA,NO,,,
CENTRO_CULTURAL,Alcaldía Miguel Hidalgo/Dirección de Convivencia y Promoción Deportiva,1,PUBLICO,EVIDENCIA_INSTITUCIONAL_PUBLICA,NO,,,
CENTRO_CULTURAL,Alcaldía Milpa Alta,3,PUBLICO,EVIDENCIA_INSTITUCIONAL_PUBLICA,NO,,,
CENTRO_CULTURAL,Alcaldía Tlalpan,2,PUBLICO,EVIDENCIA_INSTITUCIONAL_PUBLICA,NO,,,
CENTRO_CULTURAL,Alcaldía Tlalpan/Dirección General de Derechos Culturales y Educativos,1,PUBLICO,EVIDENCIA_INSTITUCIONAL_PUBLICA,NO,,,
CENTRO_CULTURAL,Alcaldía Tlalpan/JUD de Cultura Comunitaria,1,PUBLICO,EVIDENCIA_INSTITUCIONAL_PUBLICA,NO,,,
CENTRO_CULTURAL,Alcaldía Tláhuac/Dirección de Cultura,7,PUBLICO,EVIDENCIA_INSTITUCIONAL_PUBLICA,NO,,,
CENTRO_CULTURAL,Alcaldía Tláhuac/Dirección de Cultura/Unidad Departamental de Proyectos Culturales,1,PUBLICO,EVIDENCIA_INSTITUCIONAL_PUBLICA,NO,,,
CENTRO_CULTURAL,Alcaldía Venustiano Carranza,3,PUBLICO,EVIDENCIA_INSTITUCIONAL_PUBLICA,NO,,,
CENTRO_CULTURAL,Alcaldía Xochimilco,5,PUBLICO,EVIDENCIA_INSTITUCIONAL_PUBLICA,NO,,,
CENTRO_CULTURAL,"Alcaldía Xochimilco/Dirección de Servicio Culturales, Recreativo y Deportivos",8,PUBLICO,EVIDENCIA_INSTITUCIONAL_PUBLICA,NO,,,
CENTRO_CULTURAL,Alcalía Gustavo A. Madero,1,PUBLICO,REVISION_MANUAL,NO,,,
CENTRO_CULTURAL,Anglo Mexican Foundation,1,PRIVADO,REVISION_MANUAL,NO,,,
CENTRO_CULTURAL,Asociación Civil,2,PRIVADO,EVIDENCIA_INSTITUCIONAL_PRIVADA,NO,,,
CENTRO_CULTURAL,"Asociación Mexico Japonesa, A.C.",1,PRIVADO,EVIDENCIA_INSTITUCIONAL_PRIVADA,NO,,,
CENTRO_CULTURAL,"Ateneo Español de México, A.C.",1,PRIVADO,EVIDENCIA_INSTITUCIONAL_PRIVADA,NO,,,
CENTRO_CULTURAL,"Banco Nacional de México, S.A",1,PRIVADO,REVISION_MANUAL,NO,,,
CENTRO_CULTURAL,"Border Brother, S. de R.L. de C.V.",1,PRIVADO,EVIDENCIA_INSTITUCIONAL_PRIVADA,NO,,,
CENTRO_CULTURAL,Casa de Cultura EyB,1,NO_DETERMINADO,SIN_EVIDENCIA_SUFICIENTE,SI,La adscripción no contiene información suficiente para clasificarla automáticamente como pública o privada.,,
CENTRO_CULTURAL,"Casa de la Cultura Las Jarillas, S.C. de R.L. de C.V.",1,PRIVADO,EVIDENCIA_INSTITUCIONAL_PRIVADA,NO,,,
CENTRO_CULTURAL,"Casa de la Cultura y Recreación Sta. Cruz Meyehualco, A.C. ",1,PRIVADO,EVIDENCIA_INSTITUCIONAL_PRIVADA,NO,,,
CENTRO_CULTURAL,"Casino Español de México, A.C.",1,PRIVADO,EVIDENCIA_INSTITUCIONAL_PRIVADA,NO,,,
CENTRO_CULTURAL,"Centro Cultural El Juglar, A.C.",1,PRIVADO,EVIDENCIA_INSTITUCIONAL_PRIVADA,NO,,,
CENTRO_CULTURAL,"Centro Cultural Los Talleres, A.C.",2,PRIVADO,EVIDENCIA_INSTITUCIONAL_PRIVADA,NO,,,
CENTRO_CULTURAL,"Centro Cultural Matus, A.C.",1,PRIVADO,EVIDENCIA_INSTITUCIONAL_PRIVADA,NO,,,
CENTRO_CULTURAL,"Centro Cultural Vicente Lombardo Toledano, A.C.",1,PRIVADO,EVIDENCIA_INSTITUCIONAL_PRIVADA,NO,,,
CENTRO_CULTURAL,"Centro Cultural y Social Hidalguense, A.C./Consejo Estatal para la Cultura y las Artes de Hidalgo/ Representación del Gobierno del Estado de Hidalgo",1,MIXTO,MIXTO_CONFIRMADO,NO,,,
CENTRO_CULTURAL,"Centro Cultural y Social Veracruzano, A.C.",1,PRIVADO,EVIDENCIA_INSTITUCIONAL_PRIVADA,NO,,,
CENTRO_CULTURAL,"Centro Deportivo Chapultepec, A.C.",1,PRIVADO,EVIDENCIA_INSTITUCIONAL_PRIVADA,NO,,,
CENTRO_CULTURAL,"Centro Universitario Cultural, A.C.",1,PRIVADO,EVIDENCIA_INSTITUCIONAL_PRIVADA,NO,,,
CENTRO_CULTURAL,"Centro de Estudios para la Cultura y las Artes Casa Lamm, A. C.",1,PRIVADO,EVIDENCIA_INSTITUCIONAL_PRIVADA,NO,,,
CENTRO_CULTURAL,"Compañía Teatro del Árbol, A.C.",1,PRIVADO,EVIDENCIA_INSTITUCIONAL_PRIVADA,NO,,,
CENTRO_CULTURAL,Comuneros de Milta Alta,1,NO_DETERMINADO,SIN_EVIDENCIA_SUFICIENTE,SI,La adscripción no contiene información suficiente para clasificarla automáticamente como pública o privada.,,
CENTRO_CULTURAL,"Comunidad Ashkenazi de México, A.C.",1,PRIVADO,EVIDENCIA_INSTITUCIONAL_PRIVADA,NO,,,
CENTRO_CULTURAL,ConArte,1,PRIVADO,REVISION_EXTERNA,NO,,INBAL,La Nana es sede del Consorcio Internacional Arte y Escuela A.C.
CENTRO_CULTURAL,Consejo Delegacional de Pueblos y Barrios Originarios de Coyoacán/Delegación Coyoacán,1,PUBLICO,EVIDENCIA_INSTITUCIONAL_PUBLICA,NO,,,
CENTRO_CULTURAL,Cámara Minera de México (CAMIMEX),1,PRIVADO,REVISION_MANUAL,NO,,,
CENTRO_CULTURAL,Cámara de Diputados/H. Congreso de la Unión,1,PUBLICO,REVISION_MANUAL,NO,,,
CENTRO_CULTURAL,Delegación Álvaro Obregón,1,PUBLICO,EVIDENCIA_INSTITUCIONAL_PUBLICA,NO,,,
CENTRO_CULTURAL,Dirección de Cultura y Deportes,3,PUBLICO,REVISION_MANUAL,NO,,,
CENTRO_CULTURAL,Editorial Almadia,1,PRIVADO,REVISION_MANUAL,NO,,,
CENTRO_CULTURAL,Embajada de Alemania,1,PUBLICO,EVIDENCIA_INSTITUCIONAL_PUBLICA,NO,,,
CENTRO_CULTURAL,Embajada de Brasil en México,1,PUBLICO,EVIDENCIA_INSTITUCIONAL_PUBLICA,NO,,,
CENTRO_CULTURAL,Embajada de España/Agencia Española de Cooperación Internacional para el Desarrollo,1,PUBLICO,EVIDENCIA_INSTITUCIONAL_PUBLICA,NO,,,
CENTRO_CULTURAL,Embajada de Ucrania en México,1,PUBLICO,EVIDENCIA_INSTITUCIONAL_PUBLICA,NO,,,
CENTRO_CULTURAL,Embajada de la India,1,PUBLICO,EVIDENCIA_INSTITUCIONAL_PUBLICA,NO,,,
CENTRO_CULTURAL,Escritores en Lenguas Indígenas A.C. ,1,PRIVADO,EVIDENCIA_INSTITUCIONAL_PRIVADA,NO,,,
CENTRO_CULTURAL,Fideicomiso Centro Histórico de la Ciudad de México,1,PUBLICO,REVISION_MANUAL,NO,,,
CENTRO_CULTURAL,Fondo de Cultura Económica,1,PUBLICO,EVIDENCIA_INSTITUCIONAL_PUBLICA,NO,,,
CENTRO_CULTURAL,"Foro Shakespeare, A.C.",2,PRIVADO,EVIDENCIA_INSTITUCIONAL_PRIVADA,NO,,,
CENTRO_CULTURAL,"Fundación Casa del Poeta, I. A. P.",1,PRIVADO,EVIDENCIA_INSTITUCIONAL_PRIVADA,NO,,,
CENTRO_CULTURAL,"Fundación Centro Cultural del México Contemporáneo, A.C.",1,PRIVADO,EVIDENCIA_INSTITUCIONAL_PRIVADA,NO,,,
CENTRO_CULTURAL,"Fundación Elena Poniatoswska Amor, A.C.",1,PRIVADO,EVIDENCIA_INSTITUCIONAL_PRIVADA,NO,,,
CENTRO_CULTURAL,Fundación Kithara,1,PRIVADO,EVIDENCIA_INSTITUCIONAL_PRIVADA,NO,,,
CENTRO_CULTURAL,"Fundación La Titería, A.C.",1,PRIVADO,EVIDENCIA_INSTITUCIONAL_PRIVADA,NO,,,
CENTRO_CULTURAL,"Fundación Prodesarrollo Educativo y Asistencial, A.C.",1,PRIVADO,EVIDENCIA_INSTITUCIONAL_PRIVADA,NO,,,
CENTRO_CULTURAL,Fundación Rivas Mercado/Secretaría de Cultura de la Ciudad de México,1,MIXTO,MIXTO_CONFIRMADO,NO,,,
CENTRO_CULTURAL,Fundación para las Letras Mexicanas ,1,PRIVADO,EVIDENCIA_INSTITUCIONAL_PRIVADA,NO,,,
CENTRO_CULTURAL,Gimnasio de Arte y Cultura A.C.,1,PRIVADO,EVIDENCIA_INSTITUCIONAL_PRIVADA,NO,,,
CENTRO_CULTURAL,Gobierno de la Ciudad de México,179,PUBLICO,EVIDENCIA_INSTITUCIONAL_PUBLICA,NO,,,
CENTRO_CULTURAL,"Gobierno de la Ciudad de México/Alcaldía Tlalpan/Grupo Tequio, A.C.",1,MIXTO,MIXTO_CONFIRMADO,NO,,,
CENTRO_CULTURAL,Gobierno de la Ciudad de México/Secretaría de Obras y Servicios de la Ciudad de México/SEBIEN,1,PUBLICO,EVIDENCIA_INSTITUCIONAL_PUBLICA,NO,,,
CENTRO_CULTURAL,Gobierno del Estado de México,1,PUBLICO,EVIDENCIA_INSTITUCIONAL_PUBLICA,NO,,,
CENTRO_CULTURAL,Gobierno del Estado de Tabasco,1,PUBLICO,EVIDENCIA_INSTITUCIONAL_PUBLICA,NO,,,
CENTRO_CULTURAL,Gobierno dela Ciudad de México,1,PUBLICO,REVISION_MANUAL,NO,,,
CENTRO_CULTURAL,"Grupo Sanborns, S.A. de C.V.",1,PRIVADO,EVIDENCIA_INSTITUCIONAL_PRIVADA,NO,,,
CENTRO_CULTURAL,IMSS,1,PUBLICO,EVIDENCIA_INSTITUCIONAL_PUBLICA,NO,,,
CENTRO_CULTURAL,IPN/Difusión y Fomento a la Cultura,1,PUBLICO,EVIDENCIA_INSTITUCIONAL_PUBLICA,NO,,,
CENTRO_CULTURAL,ISSSTE,2,PUBLICO,EVIDENCIA_INSTITUCIONAL_PUBLICA,NO,,,
CENTRO_CULTURAL,Independiente,1,PRIVADO,CLASIFICACION_EXPLICITA,NO,,,
CENTRO_CULTURAL,"Instituto Cultural México Israel, A.C.",1,PRIVADO,EVIDENCIA_INSTITUCIONAL_PRIVADA,NO,,,
CENTRO_CULTURAL,Instituto Francés de América Latina,1,PUBLICO,REVISION_MANUAL,NO,,,
CENTRO_CULTURAL,Instituto Nacional de las Personas Adultas Mayores,2,PUBLICO,EVIDENCIA_INSTITUCIONAL_PUBLICA,NO,,,
CENTRO_CULTURAL,Instituto Yunus Emre en México,1,PUBLICO,REVISION_EXTERNA,NO,,Yunus Emre Institute / e-Devlet Türkiye,Institución de diplomacia cultural de Turquía; su fundación fue establecida mediante la Ley 5653.
CENTRO_CULTURAL,Instituto de Seguridad y Servicios Sociales de los Trabajadores del Estado (ISSSTE),6,PUBLICO,EVIDENCIA_INSTITUCIONAL_PUBLICA,NO,,,
CENTRO_CULTURAL,"Librería Miguel Ángel Porrúa, S.A. de C.V.",1,PRIVADO,EVIDENCIA_INSTITUCIONAL_PRIVADA,NO,,,
CENTRO_CULTURAL,Ministerio de Asuntos Exteriores y de Cooperación Internacional,1,PUBLICO,EVIDENCIA_INSTITUCIONAL_PUBLICA,NO,,,
CENTRO_CULTURAL,ONG,1,PRIVADO,EVIDENCIA_INSTITUCIONAL_PRIVADA,NO,,,
CENTRO_CULTURAL,Particular,1,PRIVADO,CLASIFICACION_EXPLICITA,NO,,,
CENTRO_CULTURAL,"Patronato de la Casa de Cultura de Tamaulipas, A.C.",1,PRIVADO,EVIDENCIA_INSTITUCIONAL_PRIVADA,NO,,,
CENTRO_CULTURAL,Pendular. Espacio Cultural,1,PRIVADO,REVISION_MANUAL,NO,,,
CENTRO_CULTURAL,"Polyforum Siqueiros, A.C.",1,PRIVADO,EVIDENCIA_INSTITUCIONAL_PRIVADA,NO,,,
CENTRO_CULTURAL,Privado,4,PRIVADO,CLASIFICACION_EXPLICITA,NO,,,
CENTRO_CULTURAL,SCHP/Dirección General de la Conservaduría de Palacio Nacional y Patrimonio Cultural,1,PUBLICO,REVISION_MANUAL,NO,,,
CENTRO_CULTURAL,SIN ADSCRIPCION,34,NO_DETERMINADO,SIN_ADSCRIPCION,SI,No existe adscripción disponible para determinar el tipo de gestión.,,
CENTRO_CULTURAL,Secretaría de Cultura,5,PUBLICO,EVIDENCIA_INSTITUCIONAL_PUBLICA,NO,,,
CENTRO_CULTURAL,Secretaría de Cultura Federal/Dirección General de Vinculación Cultural Comunitaria,1,PUBLICO,EVIDENCIA_INSTITUCIONAL_PUBLICA,NO,,,
CENTRO_CULTURAL,Secretaría de Cultura de la Ciudad de México,113,PUBLICO,EVIDENCIA_INSTITUCIONAL_PUBLICA,NO,,,
CENTRO_CULTURAL,Secretaría de Cultura de la Ciudad de México/Coordinación Interinstitucional,1,PUBLICO,EVIDENCIA_INSTITUCIONAL_PUBLICA,NO,,,
CENTRO_CULTURAL,Secretaría de Cultura de la Ciudad de México/Dirección General de Vinculación Cultural Comunitaria,4,PUBLICO,EVIDENCIA_INSTITUCIONAL_PUBLICA,NO,,,
CENTRO_CULTURAL,Secretaría de Cultura de la Ciudad de México/Dirección General de Vinculación Cultural Comunitaria/Red de Faros,7,PUBLICO,EVIDENCIA_INSTITUCIONAL_PUBLICA,NO,,,
CENTRO_CULTURAL,Secretaría de Cultura de la Ciudad de México/Subdirección de Red de Faros/Coordinación de Cultura Comunitaria,1,PUBLICO,EVIDENCIA_INSTITUCIONAL_PUBLICA,NO,,,
CENTRO_CULTURAL,Secretaría de Cultura del Gobierno de México / Secretaría de Medio Ambiente (SEDEMA) ,1,PUBLICO,EVIDENCIA_INSTITUCIONAL_PUBLICA,NO,,,
CENTRO_CULTURAL,"Secretaría de Cultura, Dirección General de Vinculación Cultural",1,PUBLICO,EVIDENCIA_INSTITUCIONAL_PUBLICA,NO,,,
CENTRO_CULTURAL,"Secretaría de Cultura/Educal, S.A. de C.V.",1,MIXTO,MIXTO_CONFIRMADO,NO,,,
CENTRO_CULTURAL,Secretaría de Cultura/INAH,1,PUBLICO,EVIDENCIA_INSTITUCIONAL_PUBLICA,NO,,,
CENTRO_CULTURAL,Secretaría de Cultura/INBA,1,PUBLICO,EVIDENCIA_INSTITUCIONAL_PUBLICA,NO,,,
CENTRO_CULTURAL,Secretaría de Cultura/INBAL,1,PUBLICO,EVIDENCIA_INSTITUCIONAL_PUBLICA,NO,,,
CENTRO_CULTURAL,Secretaría de Desarrollo Social/Instituto Nacional de las Personas Adultas Mayores,1,PUBLICO,EVIDENCIA_INSTITUCIONAL_PUBLICA,NO,,,
CENTRO_CULTURAL,Senado de la República,1,PUBLICO,EVIDENCIA_INSTITUCIONAL_PUBLICA,NO,,,
CENTRO_CULTURAL,Servicio Postal Mexicano ,1,PUBLICO,EVIDENCIA_INSTITUCIONAL_PUBLICA,NO,,,
CENTRO_CULTURAL,Sistema de Desarrollo Integral de la Familia (DIF) de la Ciudad de México,1,PUBLICO,EVIDENCIA_INSTITUCIONAL_PUBLICA,NO,,,
CENTRO_CULTURAL,Sociedad de Autores y Compositores de México (SACM),1,PRIVADO,REVISION_MANUAL,NO,,,
CENTRO_CULTURAL,Síndicato Nacional de Trabajadores del Seguro Social,1,PRIVADO,REVISION_MANUAL,NO,,,
CENTRO_CULTURAL,"Tauro Flamenco, A.C.",1,PRIVADO,EVIDENCIA_INSTITUCIONAL_PRIVADA,NO,,,
CENTRO_CULTURAL,"UACM, Secretaría de Cultura de la Ciudad de México",1,PUBLICO,EVIDENCIA_INSTITUCIONAL_PUBLICA,NO,,,
CENTRO_CULTURAL,UAM/Coordinación General de Difusión,2,PUBLICO,EVIDENCIA_INSTITUCIONAL_PUBLICA,NO,,,
CENTRO_CULTURAL,UNAM,5,PUBLICO,EVIDENCIA_INSTITUCIONAL_PUBLICA,NO,,,
CENTRO_CULTURAL,"UNAM/Coordinación de Difusión Cultural, Alcaldía Cuauhtémoc",1,PUBLICO,EVIDENCIA_INSTITUCIONAL_PUBLICA,NO,,,
CENTRO_CULTURAL,UNAM/Facultad de Ingeniería,1,PUBLICO,EVIDENCIA_INSTITUCIONAL_PUBLICA,NO,,,
CENTRO_CULTURAL,UUM/Coordinación General de Difusión,1,PUBLICO,EVIDENCIA_INSTITUCIONAL_PUBLICA,NO,,,
CENTRO_CULTURAL,Universidad Autónoma Metropolitana,1,PUBLICO,EVIDENCIA_INSTITUCIONAL_PUBLICA,NO,,,
CENTRO_CULTURAL,Universidad Autónoma de la Ciudad de México,2,PUBLICO,EVIDENCIA_INSTITUCIONAL_PUBLICA,NO,,,
CENTRO_CULTURAL,Universidad La Salle,1,PRIVADO,REVISION_MANUAL,NO,,,
CENTRO_CULTURAL,Universidad Nacional Autónoma de México,1,PUBLICO,EVIDENCIA_INSTITUCIONAL_PUBLICA,NO,,,
CENTRO_CULTURAL,"Ágora Cultural Pedregal, S.C.",1,PRIVADO,EVIDENCIA_INSTITUCIONAL_PRIVADA,NO,,,
CINE,Autocinema Coyote SA de CV,2,PRIVADO,EVIDENCIA_INSTITUCIONAL_PRIVADA,NO,,,
CINE,"Cadena Mexicana de Exhibición, S.A. de C.V.",50,PRIVADO,EVIDENCIA_INSTITUCIONAL_PRIVADA,NO,,,
CINE,Centro de Cultura Digital de la Secretaría de Cultura,1,PUBLICO,EVIDENCIA_INSTITUCIONAL_PUBLICA,NO,,,
CINE,Chante de todos,1,NO_DETERMINADO,SIN_EVIDENCIA_SUFICIENTE,SI,La adscripción no contiene información suficiente para clasificarla automáticamente como pública o privada.,,
CINE,"Cinemagic, S.A. de C.V.",1,PRIVADO,EVIDENCIA_INSTITUCIONAL_PRIVADA,NO,,,
CINE,"Cinemanía, S. A. de C. V.",1,PRIVADO,EVIDENCIA_INSTITUCIONAL_PRIVADA,NO,,,
CINE,Cinestar Corporation S.A. de C.V.,1,PRIVADO,EVIDENCIA_INSTITUCIONAL_PRIVADA,NO,,,
CINE,"Cinépolis de México, S.A. de C.V.",49,PRIVADO,EVIDENCIA_INSTITUCIONAL_PRIVADA,NO,,,
CINE,Drive Cinema S.A. de C.V.,5,PRIVADO,EVIDENCIA_INSTITUCIONAL_PRIVADA,NO,,,
CINE,Gobierno de la Ciudad de México / Alcaldía de Tlalpan,1,PUBLICO,EVIDENCIA_INSTITUCIONAL_PUBLICA,NO,,,
CINE,Independiente,6,PRIVADO,CLASIFICACION_EXPLICITA,NO,,,
CINE,Instituto Mexicano del Seguro Social (IMSS),1,PUBLICO,EVIDENCIA_INSTITUCIONAL_PUBLICA,NO,,,
CINE,"Interbakers, S.A. de C.V.",1,PRIVADO,EVIDENCIA_INSTITUCIONAL_PRIVADA,NO,,,
CINE,Operadora de AP CineMall S.A. de C.V.,1,PRIVADO,EVIDENCIA_INSTITUCIONAL_PRIVADA,NO,,,
CINE,SIN ADSCRIPCION,3,NO_DETERMINADO,SIN_ADSCRIPCION,SI,No existe adscripción disponible para determinar el tipo de gestión.,,
CINE,Secretaría de Cultura,2,PUBLICO,EVIDENCIA_INSTITUCIONAL_PUBLICA,NO,,,
CINE,"Xtra Cinemas, S.A. de C.V.",1,PRIVADO,EVIDENCIA_INSTITUCIONAL_PRIVADA,NO,,,
TEATRO,Alcaldía  Benito Juárez/Coordinación de Cultura/Subdirección de Derechos Culturales Recreativos y Educativos,2,PUBLICO,EVIDENCIA_INSTITUCIONAL_PUBLICA,NO,,,
TEATRO,Alcaldía Benito Juárez,1,PUBLICO,EVIDENCIA_INSTITUCIONAL_PUBLICA,NO,,,
TEATRO,Alcaldía Coyoacán/Casa de la Cultura Ricardo Flores Magón,1,PUBLICO,EVIDENCIA_INSTITUCIONAL_PUBLICA,NO,,,
TEATRO,Alcaldía Cuajimalpa de Morelos/Subdirección de Derechos Culturales,1,PUBLICO,EVIDENCIA_INSTITUCIONAL_PUBLICA,NO,,,
TEATRO,Alcaldía Cuauhtémoc/Centro Social y Deportivo Club Antonio Caso,1,PUBLICO,EVIDENCIA_INSTITUCIONAL_PUBLICA,NO,,,
TEATRO,Alcaldía Gustavo A. Madero/Subdirección de Promoción y Difusión Cultural,1,PUBLICO,EVIDENCIA_INSTITUCIONAL_PUBLICA,NO,,,
TEATRO,Alcaldía Iztapalapa/Dirección Ejecutiva de Cultura,1,PUBLICO,EVIDENCIA_INSTITUCIONAL_PUBLICA,NO,,,
TEATRO,"Alcaldía Álvaro Obregón/Dirección General de Cultura, Educación y Deporte/Coordinación de Fomento Cultural y Educación",1,PUBLICO,EVIDENCIA_INSTITUCIONAL_PUBLICA,NO,,,
TEATRO,"Arte El Milagro, A.C.",1,PRIVADO,EVIDENCIA_INSTITUCIONAL_PRIVADA,NO,,,
TEATRO,Asociación Civil,1,PRIVADO,EVIDENCIA_INSTITUCIONAL_PRIVADA,NO,,,
TEATRO,Asociación Nacional de Actores (ANDA),2,PRIVADO,REVISION_MANUAL,NO,,,
TEATRO,Cafebrería el Péndulo S.A. de C.V. ,1,PRIVADO,EVIDENCIA_INSTITUCIONAL_PRIVADA,NO,,,
TEATRO,Casa de Cultura Raúl Anguiano,1,PUBLICO,REVISION_EXTERNA,NO,,Alcaldía Coyoacán / SIC,Recinto cultural registrado por la Alcaldía Coyoacán.
TEATRO,"Centro  Social Veracruzano, A.C.",1,PRIVADO,EVIDENCIA_INSTITUCIONAL_PRIVADA,NO,,,
TEATRO,"Centro Cultural Foro Shakespeare, A.C.",1,PRIVADO,EVIDENCIA_INSTITUCIONAL_PRIVADA,NO,,,
TEATRO,Centro Cultural Juan Ruiz de Alarcón/Alcaldía Cuauhtémoc,1,PUBLICO,EVIDENCIA_INSTITUCIONAL_PUBLICA,NO,,,
TEATRO,Centro Cultural Roldán Sandoval S.C.,1,PRIVADO,EVIDENCIA_INSTITUCIONAL_PRIVADA,NO,,,
TEATRO,Centro Cultural Sylvia Pasquel,3,PRIVADO,CLASIFICACION_EXPLICITA,NO,,,
TEATRO,"Centro Deportivo Chapultepec, A.C.",1,PRIVADO,EVIDENCIA_INSTITUCIONAL_PRIVADA,NO,,,
TEATRO,"Centro Libanés, A.C.",1,PRIVADO,EVIDENCIA_INSTITUCIONAL_PRIVADA,NO,,,
TEATRO,"Centro Mexicano de Estudios Culturales y Sociales, A.C.",1,PRIVADO,EVIDENCIA_INSTITUCIONAL_PRIVADA,NO,,,
TEATRO,"Centro de Arte Dramático, A.C.",1,PRIVADO,EVIDENCIA_INSTITUCIONAL_PRIVADA,NO,,,
TEATRO,"Centro de Arte y Cultura Circo Volador, A.C.",1,PRIVADO,EVIDENCIA_INSTITUCIONAL_PRIVADA,NO,,,
TEATRO,Centro de Capacitación y Oficinas de Desarrollo Social/Secretaría de Cultural del D.F. ,1,PUBLICO,EVIDENCIA_INSTITUCIONAL_PUBLICA,NO,,,
TEATRO,Clandestino Club. Destino Entertainment,1,PRIVADO,CLASIFICACION_EXPLICITA,NO,,,
TEATRO,Colegio de Literatura Dramática y Teatro/UNAM,1,PUBLICO,EVIDENCIA_INSTITUCIONAL_PUBLICA,NO,,,
TEATRO,Compañía Los Endebles A.C.,1,PRIVADO,EVIDENCIA_INSTITUCIONAL_PRIVADA,NO,,,
TEATRO,Compañía Perro Teatro,1,PRIVADO,REVISION_MANUAL,NO,,,
TEATRO,"Compañía de Teatro de Árbol, A.C.",1,PRIVADO,EVIDENCIA_INSTITUCIONAL_PRIVADA,NO,,,
TEATRO,Confederación de Trabajadores de México (CTM),1,PRIVADO,REVISION_MANUAL,NO,,,
TEATRO,Congreso del Trabajo,1,PRIVADO,EVIDENCIA_INSTITUCIONAL_PRIVADA,NO,,,
TEATRO,"Contigo America Institución Teatral Independiente, A.C. ",1,PRIVADO,EVIDENCIA_INSTITUCIONAL_PRIVADA,NO,,,
TEATRO,Delegación Azcapotzalco,1,PUBLICO,EVIDENCIA_INSTITUCIONAL_PUBLICA,NO,,,
TEATRO,Delegación Miguel Hidalgo,1,PUBLICO,EVIDENCIA_INSTITUCIONAL_PUBLICA,NO,,,
TEATRO,"Delegación Venustiano Carranza, Gobierno del Distrito Federal",1,PUBLICO,EVIDENCIA_INSTITUCIONAL_PUBLICA,NO,,,
TEATRO,Delegación Zona Regional Sur del ISSSTE/Subdirección de Acción Cultural,1,PUBLICO,EVIDENCIA_INSTITUCIONAL_PUBLICA,NO,,,
TEATRO,"El Círculo Teatral, S.C.",1,PRIVADO,EVIDENCIA_INSTITUCIONAL_PRIVADA,NO,,,
TEATRO,Federación de Sindicatos de Trabajadores al Servicio del Estado,1,PRIVADO,REVISION_MANUAL,NO,,,
TEATRO,Fideicomiso de administración de Teatros y salas de espectáculos del IMSS,1,PUBLICO,EVIDENCIA_INSTITUCIONAL_PUBLICA,NO,,,
TEATRO,Gobierno de la Ciudad de México,1,PUBLICO,EVIDENCIA_INSTITUCIONAL_PUBLICA,NO,,,
TEATRO,Gobierno de la Ciudad de México/Alcaldía Benito Juárez,1,PUBLICO,EVIDENCIA_INSTITUCIONAL_PUBLICA,NO,,,
TEATRO,Gobierno de la Ciudad de México/Alcaldía Gustavo A. Madero,2,PUBLICO,EVIDENCIA_INSTITUCIONAL_PUBLICA,NO,,,
TEATRO,Gobierno de la Ciudad de México/Secretaría del Medio Ambiente/Centro de Convivencia Infantil,1,PUBLICO,EVIDENCIA_INSTITUCIONAL_PUBLICA,NO,,,
TEATRO,Gobierno de la ciudad de México/Alcaldía Coyoacán,1,PUBLICO,EVIDENCIA_INSTITUCIONAL_PUBLICA,NO,,,
TEATRO,Gobierno de la ciudad de México/Centro Cultural San Ángel,1,PUBLICO,EVIDENCIA_INSTITUCIONAL_PUBLICA,NO,,,
TEATRO,Gobierno del Distrito Federal / Delegación Cuauhtémoc,1,PUBLICO,EVIDENCIA_INSTITUCIONAL_PUBLICA,NO,,,
TEATRO,Gobierno del Distrito Federal/Delegación Venustiano Carranza/Deportivo José María Pino Suárez,1,PUBLICO,EVIDENCIA_INSTITUCIONAL_PUBLICA,NO,,,
TEATRO,Gou Producciones,3,PRIVADO,CLASIFICACION_EXPLICITA,NO,,,
TEATRO,Grupo CARSO/OCESA,1,PRIVADO,CLASIFICACION_EXPLICITA,NO,,,
TEATRO,"Grupo Gomo, Coorporativo de la Sala Chopin",1,PRIVADO,REVISION_MANUAL,NO,,,
TEATRO,Grupo Indie Rocks,1,PRIVADO,CLASIFICACION_EXPLICITA,NO,,,
TEATRO,Grupo Litoral,1,PRIVADO,CLASIFICACION_EXPLICITA,NO,,,
TEATRO,IMSS,2,PUBLICO,EVIDENCIA_INSTITUCIONAL_PUBLICA,NO,,,
TEATRO,"Instituto Cultural Helénico, A.C.",1,PRIVADO,EVIDENCIA_INSTITUCIONAL_PRIVADA,NO,,,
TEATRO,Instituto Francés de América Latina (IFAL),1,PUBLICO,REVISION_MANUAL,NO,,,
TEATRO,Instituto Mexicano del Seguro Social (IMSS),6,PUBLICO,EVIDENCIA_INSTITUCIONAL_PUBLICA,NO,,,
TEATRO,"La Casa del Teatro, A.C.",1,PRIVADO,EVIDENCIA_INSTITUCIONAL_PRIVADA,NO,,,
TEATRO,Lotería Nacional para la Asistencia Pública,1,PUBLICO,EVIDENCIA_INSTITUCIONAL_PUBLICA,NO,,,
TEATRO,"Operadora de Centros de Espectáculos, S.A.",1,PRIVADO,EVIDENCIA_INSTITUCIONAL_PRIVADA,NO,,,
TEATRO,Particular,3,PRIVADO,CLASIFICACION_EXPLICITA,NO,,,
TEATRO,"Patronato de la Casa de Cultura de Tamaulipas, A.C.",1,PRIVADO,EVIDENCIA_INSTITUCIONAL_PRIVADA,NO,,,
TEATRO,"Polyforum Cultural Siqueiros, A.C.",1,PRIVADO,EVIDENCIA_INSTITUCIONAL_PRIVADA,NO,,,
TEATRO,Privado,2,PRIVADO,CLASIFICACION_EXPLICITA,NO,,,
TEATRO,"Producciones Mafe, S.A. de C.V.",4,PRIVADO,EVIDENCIA_INSTITUCIONAL_PRIVADA,NO,,,
TEATRO,"Realzando Ideas, A.C.",1,PRIVADO,EVIDENCIA_INSTITUCIONAL_PRIVADA,NO,,,
TEATRO,SIN ADSCRIPCION,19,NO_DETERMINADO,SIN_ADSCRIPCION,SI,No existe adscripción disponible para determinar el tipo de gestión.,,
TEATRO,SOGEM/Centro Cultural José María Fernández Unsaín,1,PRIVADO,REVISION_MANUAL,NO,,,
TEATRO,Secretaría de Cultura,1,PUBLICO,EVIDENCIA_INSTITUCIONAL_PUBLICA,NO,,,
TEATRO,Secretaría de Cultura /CENART,1,PUBLICO,EVIDENCIA_INSTITUCIONAL_PUBLICA,NO,,,
TEATRO,Secretaría de Cultura /CENART/Escuela Nacional de Danza Clásica y Contemporánea,1,PUBLICO,EVIDENCIA_INSTITUCIONAL_PUBLICA,NO,,,
TEATRO,Secretaría de Cultura /INBAL,1,PUBLICO,EVIDENCIA_INSTITUCIONAL_PUBLICA,NO,,,
TEATRO,Secretaría de Cultura Federal/Biblioteca de México,1,PUBLICO,EVIDENCIA_INSTITUCIONAL_PUBLICA,NO,,,
TEATRO,Secretaría de Cultura Federal/Centro Cultural Helénico,1,PUBLICO,EVIDENCIA_INSTITUCIONAL_PUBLICA,NO,,,
TEATRO,Secretaría de Cultura Federal/INBA/Centro Cultural del Bosque,4,PUBLICO,EVIDENCIA_INSTITUCIONAL_PUBLICA,NO,,,
TEATRO,Secretaría de Cultura de la Ciudad de México,2,PUBLICO,EVIDENCIA_INSTITUCIONAL_PUBLICA,NO,,,
TEATRO,Secretaría de Cultura de la Ciudad de México/Coordinación del Sistema de Teatros,1,PUBLICO,EVIDENCIA_INSTITUCIONAL_PUBLICA,NO,,,
TEATRO,Secretaría de Cultura del Gobierno Federal,1,PUBLICO,EVIDENCIA_INSTITUCIONAL_PUBLICA,NO,,,
TEATRO,Secretaría de Cultura del Gobierno de la Ciudad de México,2,PUBLICO,EVIDENCIA_INSTITUCIONAL_PUBLICA,NO,,,
TEATRO,Secretaría de Cultura/Centro Cultural Helénico,1,PUBLICO,EVIDENCIA_INSTITUCIONAL_PUBLICA,NO,,,
TEATRO,Secretaría de Cultura/Centro Nacional de las Artes (CENART),3,PUBLICO,EVIDENCIA_INSTITUCIONAL_PUBLICA,NO,,,
TEATRO,Secretaría de Cultura/Centro Nacional de las Artes (CENART)/Escuela Nacional de Arte Teatral,1,PUBLICO,EVIDENCIA_INSTITUCIONAL_PUBLICA,NO,,,
TEATRO,Secretaría de Cultura/Cineteca Nacional,1,PUBLICO,EVIDENCIA_INSTITUCIONAL_PUBLICA,NO,,,
TEATRO,Secretaría de Cultura/INBA,1,PUBLICO,EVIDENCIA_INSTITUCIONAL_PUBLICA,NO,,,
TEATRO,Secretaría de Cultura/INBA/Centro Cultural del Bosque,4,PUBLICO,EVIDENCIA_INSTITUCIONAL_PUBLICA,NO,,,
TEATRO,Secretaría de Cultura/INBA/Compañía Nacional de Teatro,1,PUBLICO,EVIDENCIA_INSTITUCIONAL_PUBLICA,NO,,,
TEATRO,Seminario de Cultura Mexicana,1,PUBLICO,REVISION_EXTERNA,NO,,Ley Orgánica del Seminario de Cultura Mexicana / SCM,Institución creada mediante legislación federal y vinculada institucionalmente con la SEP.
TEATRO,Sindicato de Trabajadores Ferrocarrileros de la República Mexicana (STFRM),1,PRIVADO,REVISION_MANUAL,NO,,,
TEATRO,"Sindicato de Trabajadores Mineros, Metalúrgicos y Similares de la R.M.",1,PRIVADO,REVISION_MANUAL,NO,,,
TEATRO,Sindicato Único de Trabajadores del Gobierno del Distrito Federal Sección 21,1,PUBLICO,EVIDENCIA_INSTITUCIONAL_PUBLICA,NO,,,
TEATRO,Sociedad General de Escritores de México (SOGEM)/Centro Cultural José María Fernández Unsaín,1,PRIVADO,REVISION_MANUAL,NO,,,
TEATRO,Sociedad General de Escritores de México SOGEM,1,PRIVADO,REVISION_MANUAL,NO,,,
TEATRO,Subdirección de Acción Cultural del ISSSTE/Sindicato Nacional de los Trabajadores,1,PUBLICO,EVIDENCIA_INSTITUCIONAL_PUBLICA,NO,,,
TEATRO,"Teatro de Papel, A.C.",1,PRIVADO,EVIDENCIA_INSTITUCIONAL_PRIVADA,NO,,,
TEATRO,Telemakia Teatro,1,PRIVADO,CLASIFICACION_EXPLICITA,NO,,,
TEATRO,Teletec,1,PRIVADO,REVISION_MANUAL,NO,,,
TEATRO,"Televisa, S.A. de C.V.",1,PRIVADO,EVIDENCIA_INSTITUCIONAL_PRIVADA,NO,,,
TEATRO,UAM/Coordinación General de Difusión,1,PUBLICO,EVIDENCIA_INSTITUCIONAL_PUBLICA,NO,,,
TEATRO,UNAM / Dirección de Teatro,1,PUBLICO,EVIDENCIA_INSTITUCIONAL_PUBLICA,NO,,,
TEATRO,UNAM/Antiguo Colegio de San Ildefonso,1,PUBLICO,EVIDENCIA_INSTITUCIONAL_PUBLICA,NO,,,
TEATRO,UNAM/Casa del Lago Juan José Arreola,2,PUBLICO,EVIDENCIA_INSTITUCIONAL_PUBLICA,NO,,,
TEATRO,UNAM/Centro Cultural Universitario,2,PUBLICO,EVIDENCIA_INSTITUCIONAL_PUBLICA,NO,,,
TEATRO,UNAM/Centro Cultural Universitario/Museo de las Ciencias Universum,1,PUBLICO,EVIDENCIA_INSTITUCIONAL_PUBLICA,NO,,,
TEATRO,UNAM/Colegio de Literatura Dramática y Teatro,1,PUBLICO,EVIDENCIA_INSTITUCIONAL_PUBLICA,NO,,,
TEATRO,UNAM/Facultad de Arquitectura,1,PUBLICO,EVIDENCIA_INSTITUCIONAL_PUBLICA,NO,,,
TEATRO,UNAM/Facultad de Filosofía y Letras/Colegio de Literatura Dramática y Teatro,1,PUBLICO,EVIDENCIA_INSTITUCIONAL_PUBLICA,NO,,,
TEATRO,UNAM/Radio UNAM,1,PUBLICO,EVIDENCIA_INSTITUCIONAL_PUBLICA,NO,,,
TEATRO," Unidad Cultural y Recreativa, Sindicato Nacional de Trabajadores del Seguro Social (SNTSS)",1,PRIVADO,REVISION_MANUAL,NO,,,
TEATRO,"Universidad Autónoma Metropolitana, Unidad Iztapalapa",1,PUBLICO,EVIDENCIA_INSTITUCIONAL_PUBLICA,NO,,,
