campo,descripcion,tipo,ejemplo
clave_id,Identificador original del PILARES en la fuente.,Texto,001_NT_GAM
nombre_pilares,Nombre del PILARES.,Texto,RICHARD WAGNER
estatus_fuente,Estatus original reportado por la fuente.,Texto,01. EN OPERACIÓN
region,Región territorial asignada al PILARES.,Texto,NORTE
alcaldia,Alcaldía donde se localiza el PILARES.,Texto,GUSTAVO A. MADERO
latitud,Latitud reportada por la fuente. Puede estar vacía si no hay coordenadas disponibles.,Decimal,19.46552
longitud,Longitud reportada por la fuente. Puede estar vacía si no hay coordenadas disponibles.,Decimal,-99.129176
operativo,Indicador generado para distinguir PILARES actualmente en operación. Vale 1 únicamente cuando estatus_fuente es '01. EN OPERACIÓN'; en cualquier otro estatus vale 0.,Entero binario,1
tiene_coordenadas,Indicador generado para señalar si el registro cuenta con latitud y longitud. Vale 1 cuando ambas están presentes y 0 cuando falta alguna.,Entero binario,1
